"state","city","total_transactions","total_revenue","average_transaction_value","fraud_transactions","fraud_rate_percent"
"PA","Bristol","1512","131671.12","87.08407407407407","0","0.0"
"MO","Redford","2530","155522.83999999997","61.47147826086955","10","0.4"
"PA","Cochranton","2552","144016.0400000001","56.43261755485897","10","0.39"
"MD","Queenstown","1040","66859.39","64.287875","12","1.15"
"NJ","Richland","516","48605.65","94.19699612403102","0","0.0"
"SC","New Ellenton","1558","89198.7","57.252053915275994","15","0.96"
"IN","Central","1029","58114.9","56.47706511175899","0","0.0"
"KY","Cromona","2032","126792.35","62.39781003937008","8","0.39"
"CA","Tomales","2041","124130.37999999999","60.81841254287114","10","0.49"
"ID","Mesa","2038","126847.04000000007","62.24094210009817","11","0.54"
"KY","Smiths Grove","2564","120945.28","47.17054602184087","0","0.0"
"IL","Lomax","3006","164394.46000000002","54.6887757817698","0","0.0"
"TX","Zavalla","1537","107956.90999999999","70.23871828236824","0","0.0"
"TN","Powell","1514","92886.13999999998","61.35147952443857","7","0.46"
"IL","Tamaroa","1014","61010.45000000002","60.16809664694282","9","0.89"
"IN","Liberty Mills","512","36423.630000000005","71.13990234375001","9","1.76"
"NY","Margaretville","1542","147164.46999999997","95.43739948119324","13","0.84"
"FL","Sebring","3027","273723.12000000017","90.42719524281472","14","0.46"
"OK","Burbank","1587","102541.09999999998","64.61316950220541","11","0.69"
"MN","Hovland","989","79783.68999999999","80.67107178968654","19","1.92"
"IA","Battle Creek","1979","143865.99999999994","72.6963112683173","11","0.56"
"GA","Allentown","509","29003.119999999995","56.98058939096266","0","0.0"
"OR","Kent","1045","63569.79000000001","60.83233492822967","13","1.24"
"AR","Enola","2032","132522.65000000002","65.21783956692914","10","0.49"
"ME","Auburn","1036","68763.18000000001","66.37372586872587","0","0.0"
"NY","Breesport","2048","134883.93000000002","65.86129394531251","7","0.34"
"IL","Olmsted","1033","94721.85000000002","91.69588576960312","8","0.77"
"WI","Milwaukee","1571","73737.51","46.936670910248246","0","0.0"
"TX","Sachse","2591","159036.96000000002","61.38053261289078","0","0.0"
"NY","Lowville","1528","129606.82999999997","84.8212238219895","13","0.85"
"CO","Dumont","1510","145758.51","96.52881456953644","8","0.53"
"PA","Jermyn","1551","142197.15","91.68094777562862","14","0.9"
"LA","West Monroe","1016","89137.29999999999","87.73356299212597","7","0.69"
"IN","Leo","2034","115840.26999999999","56.95195181907571","7","0.34"
"MS","Moorhead","3113","150914.97000000003","48.478949566334734","0","0.0"
"WA","Orient","3030","163466.43999999994","53.949320132013185","0","0.0"
"NY","Big Indian","1556","94313.46999999996","60.61276992287915","11","0.71"
"OH","Norwich","1003","59993.08999999998","59.813649052841456","0","0.0"
"IN","Harrodsburg","2106","131315.60000000003","62.353086419753105","8","0.38"
"OH","Greenville","1069","70766.39000000001","66.19868101029","11","1.03"
"TX","Grandview","3039","290478.49000000005","95.58357683448504","3","0.1"
"OR","Lowell","1556","99718.86999999998","64.08667737789202","15","0.96"
"PA","Dunlevy","2064","134152.85999999996","64.99654069767439","5","0.24"
"PA","Beaver Falls","1579","100054.53","63.3657568081064","24","1.52"
"NC","Creedmoor","2071","184672.5399999999","89.17070980202796","0","0.0"
"SC","Brunson","2503","137090.74","54.77057131442269","15","0.6"
"NE","Weeping Water","1038","64238.10999999998","61.886425818882444","11","1.06"
"OH","Beaverdam","1026","109295.90999999999","106.52622807017542","12","1.17"
"IN","Oolitic","2541","124572.34999999996","49.02493112947657","0","0.0"
"MI","Manistique","3027","275930.6299999999","91.15646845061113","4","0.13"
"NY","Bronx","2056","130675.94000000003","63.5583365758755","8","0.39"
"OH","Hinckley","3110","296436.72999999986","95.31727652733115","0","0.0"
"MD","Kingsville","513","37317.28","72.74323586744639","8","1.56"
"SC","Prosperity","1007","88195.62000000002","87.58254220456804","0","0.0"
"TX","Spring","525","31229.54","59.484838095238096","7","1.33"
"CA","Sacramento","2050","131799.06999999998","64.29222926829267","16","0.78"
"OH","Bowersville","1544","89016.68000000001","57.653290155440416","13","0.84"
"NJ","Stirling","1548","95004.53999999998","61.3724418604651","0","0.0"
"IL","Mulberry Grove","2534","147286.44000000006","58.12408839779008","15","0.59"
"TX","Quanah","1552","92856.19999999997","59.83002577319586","8","0.52"
"MA","Shrewsbury","1024","54942.32000000001","53.65460937500001","0","0.0"
"IL","Payson","1506","103198.38999999997","68.5248273572377","12","0.8"
"MN","Winger","2059","124566.72999999994","60.498654686741105","8","0.39"
"PA","Manor","1009","69209.21","68.59188305252727","12","1.19"
"MI","Muskegon","2559","146741.58000000002","57.34332942555687","12","0.47"
"NC","Wilmington","3110","285332.19000000006","91.74668488745982","11","0.35"
"NY","Cottekill","3095","178563.5599999999","57.69420355411952","0","0.0"
"MD","Scotland","2578","156237.03","60.603968192397204","10","0.39"
"WY","Riverton","2002","119177.55","59.52924575424576","7","0.35"
"NC","Fayetteville","2525","151125.80000000002","59.851801980198026","12","0.48"
"OK","Mounds","1523","85660.79000000001","56.244773473407754","12","0.79"
"CO","Littleton","3090","278325.97","90.07312944983818","0","0.0"
"SC","Bradley","3117","179368.37","57.54519409688803","0","0.0"
"KY","Irvine","503","36203.100000000006","71.97435387673957","7","1.39"
"GA","Irwinton","1548","146262.87999999998","94.4850645994832","8","0.52"
"MD","Chester","1016","66167.29999999999","65.12529527559055","10","0.98"
"WI","Greendale","1549","134821.33000000005","87.03765655261462","7","0.45"
"MO","Wheaton","2042","137597.21999999997","67.383555337904","0","0.0"
"TX","Harper","2024","187286.11","92.53266304347825","9","0.44"
"WI","Saxon","2093","192657.95","92.04870998566652","12","0.57"
"NM","Ruidoso","1538","66059.67000000001","42.9516710013004","0","0.0"
"PA","North Washington","2037","126031.57000000005","61.87116838487975","5","0.25"
"AL","Gadsden","3060","199447.22000000006","65.17883006535949","8","0.26"
"CT","Preston","522","47702.77","91.38461685823754","0","0.0"
"WA","Conway","3088","168068.02999999997","54.426175518134706","9","0.29"
"VT","Graniteville","2045","198115.34","96.87791687041565","14","0.68"
"NM","Moriarty","2554","161994.27","63.427670321064994","8","0.31"
"MS","Sontag","2083","130736.27000000002","62.763451752280375","11","0.53"
"IA","Belmond","1541","105606.76000000001","68.53131732641143","8","0.52"
"GA","Alpharetta","2562","128123.14999999995","50.00903590944573","13","0.51"
"WI","Oconto Falls","2060","128367.81999999993","62.31447572815531","12","0.58"
"NV","Reno","3011","142060.63000000006","47.18054799070079","15","0.5"
"VA","Hampton","544","45399.94999999999","83.45579044117645","12","2.21"
"UT","Moab","1497","80568.92","53.820253841015365","9","0.6"
"MI","Lakeview","1029","59204.85","57.536297376093295","8","0.78"
"CA","Blairsden-Graeagle","1023","63104.99999999998","61.686217008797634","9","0.88"
"OH","Bethel","508","42110.65","82.89498031496063","3","0.59"
"TX","Aledo","1034","65084.61999999999","62.94450676982591","11","1.06"
"NY","Jordanville","1036","56258.20999999999","54.3032915057915","14","1.35"
"MO","Owensville","501","22403.39","44.71734530938124","0","0.0"
"PA","Schaefferstown","2033","198108.01999999993","97.44614854894242","9","0.44"
"PA","Uledi","3123","172868.53000000006","55.353355747678535","0","0.0"
"MO","Mound City","2037","126776.07000000005","62.23665684830636","0","0.0"
"FL","Brandon","1514","139917.04999999996","92.41548877146629","8","0.53"
"GA","Hahira","1531","80830.38","52.795806662312216","16","1.05"
"KY","River","1519","91524.03000000003","60.252817643186326","0","0.0"
"PA","Marienville","1523","107119.88000000003","70.33478660538414","7","0.46"
"MN","Randolph","526","28981.76","55.098403041825094","10","1.9"
"NY","Downsville","1039","64482.58000000001","62.06215591915304","11","1.06"
"MI","Warren","3597","217250.13999999998","60.397592438142894","23","0.64"
"OH","Creola","1500","81897.43000000002","54.59828666666668","7","0.47"
"MS","Coffeeville","2087","117004.11000000002","56.06330138955439","9","0.43"
"MD","Linthicum Heights","536","40581.05","75.71091417910448","0","0.0"
"OH","Kirby","2000","133147.96999999997","66.57398499999998","14","0.7"
"MN","Lamberton","1535","148374.33000000007","96.66080130293165","0","0.0"
"OH","Miamisburg","1002","72180.26","72.0361876247505","8","0.8"
"PA","Rock Glen","505","56960.19","112.79245544554456","14","2.77"
"IN","Moores Hill","503","35213.91","70.00777335984097","0","0.0"
"IN","Kingsford Heights","2922","230041.74999999985","78.72749828884321","10","0.34"
"PA","Irvine","1037","56309.85000000002","54.30072324011574","9","0.87"
"GA","Varnell","1504","91220.28000000004","60.65178191489365","0","0.0"
"CA","Port Costa","2013","119780.02","59.50323894684551","5","0.25"
"WY","Manville","2003","119840.66000000002","59.83058412381429","0","0.0"
"NY","Howes Cave","504","35781.0","70.99404761904762","15","2.98"
"OH","Washington Court House","1549","110189.95000000004","71.13618463524857","8","0.52"
"MI","Pointe Aux Pins","2073","196299.99999999997","94.69368065605401","8","0.39"
"IN","Indianapolis","4073","343176.6900000003","84.25649152958515","17","0.42"
"GA","Cuthbert","1027","67254.10999999999","65.48598831548198","8","0.78"
"MS","Ridgeland","1054","64291.23999999999","60.99738140417456","0","0.0"
"OR","Athena","1551","147127.38","94.85969052224371","8","0.52"
"TX","Hedley","1023","58459.329999999994","57.14499511241446","13","1.27"
"VA","Burke","1476","97973.68999999999","66.37783875338752","0","0.0"
"MA","Paxton","519","39271.479999999996","75.66759152215799","9","1.73"
"OR","Bay City","511","32295.89","63.20135029354207","15","2.94"
"VA","Etlan","514","46140.48999999999","89.76749027237352","0","0.0"
"TX","Karnack","1525","105603.10999999999","69.24794098360655","10","0.66"
"NY","Altona","2035","131795.23999999996","64.76424570024568","12","0.59"
"FL","Melbourne","1025","73609.53999999998","71.81418536585363","7","0.68"
"VA","Damascus","521","32056.720000000005","61.529213051823426","11","2.11"
"MT","Alder","1019","103339.95999999998","101.41311089303237","9","0.88"
"SC","Blackville","1581","106809.54000000001","67.55821631878558","9","0.57"
"CA","Corona","1027","69491.10999999999","67.66417721518987","11","1.07"
"NE","Roseland","1015","62451.65","61.52871921182266","6","0.59"
"NE","Nelson","1026","73643.43000000002","71.77722222222225","14","1.36"
"VA","Basye","2090","113476.27000000002","54.29486602870814","11","0.53"
"OK","Roosevelt","2026","112757.89000000004","55.655424481737434","0","0.0"
"OR","Gardiner","1526","100709.91","65.99600917431192","14","0.92"
"FL","Lanark Village","2572","162263.25","63.08835536547434","8","0.31"
"IL","Ringwood","1020","100714.34","98.73954901960784","10","0.98"
"TN","Heiskell","2073","121059.43000000002","58.39818137964304","7","0.34"
"MI","Rumely","1033","105047.04999999999","101.69123910939011","11","1.06"
"PA","Smock","1050","99940.76999999999","95.1816857142857","10","0.95"
"AL","Plantersville","2056","109341.18999999999","53.18151264591439","15","0.73"
"AZ","Parks","1052","68894.66","65.4892205323194","9","0.86"
"NJ","Harrington Park","1517","104803.97000000002","69.08633487145683","9","0.59"
"FL","Port Saint Lucie","513","40000.85999999999","77.97438596491227","9","1.75"
"IA","Alton","994","71643.54000000001","72.07599597585514","0","0.0"
"FL","Jay","501","41474.15","82.78273453093813","0","0.0"
"WV","Premier","509","53862.04999999998","105.81935166994103","10","1.96"
"IL","New Memphis","533","41256.80000000001","77.4048780487805","14","2.63"
"IL","Oakford","524","38040.13","72.5956679389313","4","0.76"
"CA","Mountain Center","1014","58222.94999999999","57.419082840236676","0","0.0"
"AK","Wales","1568","100373.90000000001","64.0139668367347","15","0.96"
"KY","Pewee Valley","1041","70389.31000000001","67.61701248799233","0","0.0"
"ND","Christine","1070","97101.83000000002","90.74937383177571","9","0.84"
"CA","Claremont","529","38739.48","73.23153119092628","9","1.7"
"NC","Pembroke","1036","70452.95999999999","68.00478764478764","7","0.68"
"MN","Afton","1007","82578.61000000002","82.00457795431977","9","0.89"
"IL","Cisco","2075","124194.62000000002","59.85282891566266","0","0.0"
"NJ","Greenwich","2024","118863.79000000004","58.72716897233203","7","0.35"
"IN","Carlisle","1042","66555.1","63.87245681381958","9","0.86"
"ME","Nobleboro","2050","123280.53000000003","60.13684390243904","14","0.68"
"AL","Dadeville","530","43472.37999999999","82.02335849056603","12","2.26"
"NY","Armonk","1017","98422.99","96.77776794493609","11","1.08"
"MI","Afton","1028","63523.229999999996","61.79302529182879","0","0.0"
"IN","Greenwood","1019","69151.67","67.86228655544652","11","1.08"
"NC","Pelham","1050","67651.48","64.42998095238094","0","0.0"
"KY","Rochester","490","26266.929999999993","53.60597959183672","4","0.82"
"CO","Broomfield","505","32840.170000000006","65.0300396039604","7","1.39"
"AR","Gregory","1013","69602.28000000001","68.70906219151038","9","0.89"
"WI","Wittenberg","511","38589.07000000001","75.51677103718201","12","2.35"
"WY","Yellowstone National Park","525","34303.02","65.3390857142857","12","2.29"
"CA","Smith River","1031","61957.73000000001","60.09479146459749","7","0.68"
"OH","Ironton","521","34327.1","65.88694817658349","13","2.5"
"CA","Vinton","1028","68795.25000000001","66.92144941634243","10","0.97"
"PA","Mc Clellandtown","510","32200.93000000001","63.13907843137257","14","2.75"
"NJ","Allenhurst","1012","67455.97","66.65609683794466","5","0.49"
"VA","Edinburg","1044","71655.10999999999","68.63516283524903","7","0.67"
"IN","Churubusco","1014","59201.94000000002","58.38455621301777","0","0.0"
"MS","Pearlington","529","37183.15000000001","70.28950850661627","15","2.84"
"WI","Winter","1055","67399.05999999997","63.88536492890992","7","0.66"
"OH","Waynesfield","518","34866.97","67.3107528957529","8","1.54"
"WI","Bryant","503","51459.73","102.30562624254473","8","1.59"
"MN","Collegeville","504","53053.08","105.26404761904762","9","1.79"
"NY","Chatham","501","43939.45","87.70349301397205","0","0.0"
"LA","Delhi","1597","101588.78999999998","63.61226675015653","8","0.5"
"MD","Annapolis","525","31759.769999999997","60.49479999999999","0","0.0"
"NM","Loving","490","34208.98","69.81424489795918","0","0.0"
"AL","Hartford","507","34828.42","68.69510848126232","0","0.0"
"WV","Daniels","529","43715.49999999999","82.63799621928165","12","2.27"
"TX","Desdemona","503","48899.14","97.21499005964215","0","0.0"
"WI","Dalton","524","31507.269999999997","60.128377862595414","8","1.53"
"IA","Webster City","494","35608.12","72.0812145748988","12","2.43"
"NY","East Rochester","536","42992.96000000001","80.21074626865673","10","1.87"
"NE","Sprague","540","47073.259999999995","87.17270370370369","0","0.0"
"PA","Karns City","7","6121.54","874.5057142857142","7","100.0"
"PA","North East","9","8265.83","918.4255555555555","9","100.0"
"OH","Byesville","12","5098.57","424.8808333333333","12","100.0"
"NC","Morven","8","4715.7300000000005","589.4662500000001","8","100.0"
"OR","La Grande","12","8789.74","732.4783333333334","12","100.0"
"NE","Hubbell","19","8431.929999999998","443.78578947368413","19","100.0"
"AZ","Mesa","9","4817.48","535.2755555555555","9","100.0"
"IN","Clinton","12","8131.430000000001","677.6191666666667","12","100.0"
"NC","Walkertown","11","5113.92","464.9018181818182","11","100.0"
"WA","Coulee Dam","15","6467.8099999999995","431.1873333333333","15","100.0"
"TN","Mountain City","10","7068.08","706.808","10","100.0"
"DE","Georgetown","9","4630.44","514.4933333333333","9","100.0"
"MD","Queen Anne","13","9097.309999999998","699.7930769230768","13","100.0"
"FL","Orange Park","10","6807.750000000001","680.7750000000001","10","100.0"
"VA","Norfolk","7","4008.75","572.6785714285714","7","100.0"
"NY","Irvington","8","6197.949999999999","774.7437499999999","8","100.0"
"NH","Acworth","2097","202428.02999999994","96.53220314735333","13","0.62"
"VT","Brandon","2530","232098.44999999987","91.73851778656122","13","0.51"
"PA","Pittsburgh","2058","114164.81999999998","55.47367346938774","0","0.0"
"TX","Nazareth","2042","197432.95999999996","96.68607247796277","14","0.69"
"MO","Syracuse","509","33708.920000000006","66.2257760314342","5","0.98"
"TX","Roma","3038","258282.59","85.01731073074392","12","0.39"
"HI","Paauilo","1527","86603.73999999999","56.71495743287491","7","0.46"
"MN","Halstad","1031","56911.06","55.199864209505336","0","0.0"
"IL","Schaumburg","1012","65327.34000000001","64.55270750988143","0","0.0"
"CA","Newhall","3034","272468.8999999999","89.80517468688197","3","0.1"
"OH","Milford","2525","130379.61999999998","51.635493069306925","16","0.63"
"WV","Henderson","1537","94533.46","61.50517891997398","8","0.52"
"IL","Pembroke Township","2915","209256.44","71.78608576329331","5","0.17"
"PA","Corsica","1514","91934.36","60.722826948480844","12","0.79"
"WV","Thomas","3099","179584.45000000013","57.94916101968381","14","0.45"
"NY","Port Ewen","1527","100683.42000000001","65.93544204322201","0","0.0"
"NY","West Harrison","1524","108938.76999999999","71.48213254593175","0","0.0"
"SC","Johns Island","2587","121544.14000000001","46.98265945110167","10","0.39"
"NY","Mount Morris","1577","107954.02","68.45530754597337","10","0.63"
"IL","Putnam","512","37977.73999999999","74.17527343749998","5","0.98"
"NE","Hooper","2047","126459.15999999997","61.777801660967256","0","0.0"
"NC","Bolton","2049","127339.90999999997","62.147345046364066","12","0.59"
"ND","Wilton","2041","125721.41999999998","61.597951984321405","0","0.0"
"MS","Florence","3046","271661.1500000001","89.18619500984902","3","0.1"
"OH","Akron","511","39798.32","77.88320939334638","0","0.0"
"AR","Thida","2949","214442.24000000002","72.71693455408614","8","0.27"
"FL","Port Richey","1038","69330.82","66.79269749518305","12","1.16"
"MN","Minnesota Lake","1024","63491.100000000006","62.003027343750006","7","0.68"
"MO","Odessa","522","46818.28999999999","89.69021072796933","0","0.0"
"OH","Rosewood","510","35034.899999999994","68.69588235294117","4","0.78"
"CA","San Diego","2595","182815.78999999992","70.44924470134872","18","0.69"
"AL","Bessemer","2553","177737.56","69.6190990990991","0","0.0"
"TX","Leonard","2564","216981.43","84.62614274570983","0","0.0"
"LA","Metairie","1027","74212.91000000002","72.26184031158716","9","0.88"
"PA","Vanderbilt","1006","60683.460000000014","60.321530815109355","13","1.29"
"MI","Southfield","2049","113588.93","55.43627623230844","0","0.0"
"MT","Heart Butte","3074","158245.1","51.47856213402733","0","0.0"
"WI","New Holstein","2570","148181.73","57.65826070038911","7","0.27"
"NM","High Rolls Mountain Park","2070","135038.51","65.23599516908213","11","0.53"
"LA","Denham Springs","2540","142452.97","56.08384645669291","2","0.08"
"GA","Surrency","2016","125164.72999999994","62.085679563492036","0","0.0"
"MN","Georgetown","2048","107501.79000000001","52.491108398437504","0","0.0"
"OH","Thornville","492","32232.48","65.51317073170732","10","2.03"
"NE","Fullerton","1554","90214.94","58.05337194337194","14","0.9"
"SC","Cross","520","55550.76","106.82838461538462","9","1.73"
"MO","Utica","1535","92072.04000000001","59.98178501628665","12","0.78"
"IN","North Judson","1554","103644.67999999995","66.69541827541825","9","0.58"
"WY","Rock Springs","2562","240020.21000000008","93.68470335675256","14","0.55"
"WY","Jelm","1527","99945.62000000001","65.45227242960053","11","0.72"
"PA","Bolivar","1023","101158.50999999998","98.88417399804494","0","0.0"
"NY","Farmington","1496","104524.46000000004","69.86929144385029","0","0.0"
"IL","Joliet","1525","138291.22","90.68276721311476","9","0.59"
"IL","Rossville","496","32589.25","65.70413306451613","0","0.0"
"WY","Fort Washakie","3527","269989.06999999995","76.54921179472638","21","0.6"
"SC","Arcadia","2044","127139.52","62.20133072407045","0","0.0"
"WA","Burlington","2038","194213.18000000005","95.29596663395488","8","0.39"
"MO","Browning","1543","100931.97000000004","65.41281270252757","5","0.32"
"OR","Shedd","502","40345.979999999996","80.37047808764939","9","1.79"
"MI","Baroda","1538","135962.28000000003","88.40200260078025","0","0.0"
"GA","Juliette","1555","136179.22000000003","87.57506109324761","5","0.32"
"CA","Santa Monica","1538","107049.69","69.60317945383615","0","0.0"
"IA","Lohrville","2069","138003.86","66.70075398743353","0","0.0"
"WV","White Sulphur Springs","529","50758.740000000005","95.95224952741022","15","2.84"
"MI","Munith","1521","129486.42000000003","85.13242603550297","5","0.33"
"CO","Arvada","515","30087.679999999997","58.42267961165048","9","1.75"
"MO","Meadville","2050","204477.6","99.74517073170732","8","0.39"
"NY","Garrattsville","2001","127686.59999999998","63.81139430284856","14","0.7"
"TX","Sherman","2590","231510.72999999992","89.38638223938221","0","0.0"
"NY","West Eaton","1021","82117.88","80.4288736532811","0","0.0"
"WV","Center Point","1528","88274.34000000001","57.771164921465974","11","0.72"
"SD","Manderson","2024","193805.47","95.75369071146245","8","0.4"
"IL","Loami","496","30019.510000000002","60.5232056451613","9","1.81"
"WY","Alva","1052","98893.77","94.00548479087453","9","0.86"
"OH","Holloway","1525","95104.77000000006","62.36378360655742","0","0.0"
"NC","Grover","2585","223865.99999999997","86.60193423597678","0","0.0"
"CO","Iliff","1041","64490.73","61.95074927953891","7","0.67"
"WI","Waupaca","1505","100972.57000000002","67.09140863787377","0","0.0"
"FL","Port Charlotte","1027","66847.28999999998","65.08986368062315","10","0.97"
"PA","Morrisdale","3105","202567.86000000004","65.23924637681161","11","0.35"
"AL","Mobile","2539","236038.18000000008","92.96501772351323","14","0.55"
"OH","Paulding","1551","115361.46999999999","74.3787685364281","9","0.58"
"WI","Seneca","1558","100979.25000000001","64.81338254172016","15","0.96"
"CA","Wendel","514","33923.12","65.9982879377432","10","1.95"
"MT","Bridger","2080","196094.17000000004","94.27604326923078","0","0.0"
"FL","Fort Myers","2524","222480.84000000003","88.14613312202853","12","0.48"
"NY","Knowlesville","522","34512.39000000001","66.11568965517243","11","2.11"
"LA","Fordoche","2038","123886.05999999997","60.78805691854758","5","0.25"
"KS","De Soto","3082","260008.37","84.3635204412719","5","0.16"
"NY","Hannawa Falls","2562","156000.51000000007","60.890128805620634","14","0.55"
"NY","Oriskany Falls","1010","65178.730000000025","64.53339603960399","0","0.0"
"PA","Armagh","2540","149866.5400000001","59.00257480314964","11","0.43"
"MI","Goodrich","3054","275889.68000000005","90.33715782580224","8","0.26"
"FL","Vero Beach","1553","134581.52000000005","86.65905988409533","3","0.19"
"OR","Westfir","518","38597.59999999999","74.5127413127413","12","2.32"
"IL","Mc Nabb","2059","139690.45","67.84383195726082","8","0.39"
"NY","Jefferson","1535","100502.70000000001","65.47407166123779","15","0.98"
"FL","Naples","4155","265480.68999999994","63.89426955475329","29","0.7"
"MS","Duncan","1039","64062.220000000016","61.657574590952855","5","0.48"
"NY","Orangeburg","1517","144848.6","95.48358602504945","11","0.73"
"TN","Clarksville","1042","98095.73","94.1417754318618","10","0.96"
"KS","Garfield","497","52621.130000000005","105.87752515090544","9","1.81"
"PA","Oaks","1566","155379.37","99.22054278416347","11","0.7"
"VA","Catawba","2075","125069.65","60.27453012048193","15","0.72"
"WA","Burbank","2572","223854.66000000006","87.03524883359256","7","0.27"
"MA","Ashfield","1031","64385.26999999999","62.449340446168755","9","0.87"
"KY","Louisville","2063","142716.94999999998","69.17932622394571","11","0.53"
"OK","Edmond","2561","158570.89999999988","61.91757126122604","0","0.0"
"TX","Meridian","2562","224174.33999999997","87.49974238875878","13","0.51"
"IA","Oran","1055","64295.17000000001","60.943289099526076","9","0.85"
"SC","North Augusta","1531","105640.19999999998","69.00078380143695","12","0.78"
"IA","Avoca","2028","117961.00999999998","58.166178500986184","12","0.59"
"NM","Lamy","502","33443.909999999996","66.62133466135458","5","1.0"
"NE","Sutherland","3061","169807.22","55.474426657954915","0","0.0"
"CA","Sun City","3026","272866.4200000001","90.17396563119634","4","0.13"
"OK","Clayton","2038","139625.31","68.51094700686947","12","0.59"
"IA","Curlew","538","35815.45","66.57146840148698","6","1.12"
"NY","Rock Tavern","2052","133746.90000000002","65.17880116959066","12","0.58"
"OR","Sixes","1043","66808.56999999999","64.05423777564717","11","1.05"
"VA","Doe Hill","2017","191974.21","95.17809122459097","0","0.0"
"TX","Blooming Grove","2555","142451.15000000008","55.75387475538164","8","0.31"
"IL","Eagarville","1034","67262.78","65.05104448742746","14","1.35"
"FL","Wauchula","1006","51155.91999999999","50.85081510934393","0","0.0"
"TX","Kilgore","1533","135433.21000000002","88.34521200260927","2","0.13"
"TX","Keller","1523","98852.11999999998","64.9061851608667","8","0.53"
"WV","Moundsville","2564","225624.2","87.99695787831514","6","0.23"
"CA","June Lake","1527","98406.27000000002","64.44418467583499","6","0.39"
"CA","Napa","2091","187586.2200000001","89.71124820659975","6","0.29"
"MA","Lawrence","2597","181682.84000000003","69.95873700423567","12","0.46"
"KY","Maysville","1052","84424.76","80.25167300380228","0","0.0"
"AL","Phil Campbell","1029","72749.28000000001","70.6990087463557","12","1.17"
"MN","Hawley","1523","115461.30000000003","75.81175311884441","10","0.66"
"SC","Clifton","1046","56561.51","54.07410133843212","14","1.34"
"TX","New Waverly","1543","104238.63000000005","67.55581983149712","11","0.71"
"AR","Lepanto","507","34158.34","67.37345167652859","10","1.97"
"VA","Hopewell","505","36251.340000000004","71.78483168316832","10","1.98"
"OK","Coyle","1519","83122.77000000002","54.72203423304807","0","0.0"
"MO","Kissee Mills","1574","145935.22999999998","92.71615628970774","9","0.57"
"OH","Amsterdam","1047","75736.86000000003","72.33702005730662","15","1.43"
"MI","Oxford","1557","111345.77","71.51301862556198","12","0.77"
"SC","Cassatt","520","36230.06999999999","69.67321153846153","8","1.54"
"GA","Milner","1033","70910.23","68.64494675701839","8","0.77"
"NY","Belfast","1503","91514.55","60.88792415169661","6","0.4"
"GA","Whigham","1524","114334.37999999998","75.0225590551181","0","0.0"
"NY","Saint Bonaventure","2049","199987.4499999999","97.60246461688624","9","0.44"
"MD","Tyaskin","2015","120455.38999999998","59.779349875930514","13","0.65"
"KS","Dresden","504","26992.039999999994","53.55563492063491","0","0.0"
"IA","Elkhart","1505","146957.65000000002","97.64627906976746","10","0.66"
"TN","Tiptonville","1008","66855.58000000003","66.32498015873018","8","0.79"
"GA","Avera","1026","97906.83","95.42576023391813","8","0.78"
"PA","Utica","1535","142051.23000000004","92.54151791530947","8","0.52"
"MA","Barnstable","2090","133069.28","63.669511961722485","10","0.48"
"VT","South Hero","1022","106948.31999999998","104.64610567514674","13","1.27"
"VT","South Londonderry","1008","66286.01000000001","65.75993055555557","6","0.6"
"NM","Red River","2578","153292.77000000005","59.46189681923974","14","0.54"
"NJ","Heislerville","1047","66081.08999999998","63.11469914040113","0","0.0"
"AR","Smackover","1551","82347.89000000001","53.09341715022567","0","0.0"
"MO","Kansas City","2045","181476.80000000005","88.74171149144257","9","0.44"
"AZ","Paradise Valley","1035","62961.829999999994","60.832685990338156","0","0.0"
"OH","Warren","1002","66986.42","66.85271457085828","10","1.0"
"NC","Summerfield","519","33648.579999999994","64.8334874759152","8","1.54"
"MD","Pikesville","1039","72286.06999999998","69.57273339749757","9","0.87"
"NY","Shelter Island","1550","146123.59000000005","94.27328387096777","11","0.71"
"GA","Du Pont","521","53958.959999999985","103.56806142034546","13","2.5"
"AR","Haynes","1010","73531.44","72.80340594059406","10","0.99"
"PA","Leetsdale","1003","91754.31","91.4798703888335","0","0.0"
"NC","Grimesland","1001","104608.91000000003","104.50440559440563","15","1.5"
"PA","Clune","1023","104248.19000000003","101.90438905180844","13","1.27"
"NY","Orient","515","35739.74","69.39755339805825","0","0.0"
"AL","Jones","3083","165741.18000000008","53.75970807654884","7","0.23"
"PA","Atglen","1009","74009.04999999999","73.34890981169474","9","0.89"
"NY","Oak Hill","1548","151347.41999999998","97.76965116279068","10","0.65"
"IL","Wilmette","2092","123801.12","59.17835564053537","11","0.53"
"MN","Watertown","1022","68864.07000000002","67.3816731898239","0","0.0"
"FL","Deltona","1025","90164.46","87.96532682926829","0","0.0"
"ME","Brooklin","1014","101443.56999999999","100.0429684418146","10","0.99"
"OR","Stayton","1046","65509.07999999998","62.62818355640533","0","0.0"
"NY","North Tonawanda","1058","99938.43","94.45976370510397","6","0.57"
"TX","Bynum","509","30618.18","60.153595284872296","9","1.77"
"NY","South Richmond Hill","499","39215.53","78.5882364729459","11","2.2"
"SD","Ferney","518","55861.09000000001","107.83994208494211","12","2.32"
"IN","Highland","1526","83358.48000000001","54.62547837483618","0","0.0"
"NY","Moriches","502","40377.219999999994","80.4327091633466","14","2.79"
"VA","Glade Spring","1007","57935.149999999994","57.53242303872889","8","0.79"
"TX","Pecos","537","52042.75999999999","96.91389199255119","6","1.12"
"MA","North Brookfield","515","34778.450000000004","67.53097087378642","9","1.75"
"WI","Waukesha","998","65133.000000000015","65.26352705410824","0","0.0"
"NY","Brooklyn","2033","101672.30999999997","50.01097393015247","10","0.49"
"CO","Pueblo","1048","59589.15999999999","56.859885496183196","10","0.95"
"OR","Scotts Mills","1029","72423.1","70.38202137998057","13","1.26"
"KS","Dexter","515","37041.66","71.92555339805826","8","1.55"
"OH","Randolph","1016","73024.93999999999","71.87494094488187","15","1.48"
"CA","Los Angeles","521","42477.19","81.5301151631478","9","1.73"
"AL","Grant","2050","121114.19000000002","59.08009268292684","9","0.44"
"NJ","Fairview","1569","108255.84999999999","68.99671765455703","12","0.76"
"FL","Tampa","1026","65695.78","64.0309746588694","8","0.78"
"FL","Titusville","1526","88351.49000000003","57.89743774574052","0","0.0"
"IL","Goreville","1024","68061.34","66.46615234375","0","0.0"
"VA","Manquin","510","42076.58","82.50309803921569","11","2.16"
"MN","Remer","521","49153.96000000001","94.34541266794626","0","0.0"
"PA","Skytop","523","36642.280000000006","70.0617208413002","12","2.29"
"NY","De Lancey","481","39357.9","81.82515592515593","9","1.87"
"GA","Norman Park","1519","93405.45999999999","61.491415404871624","11","0.72"
"NV","North Las Vegas","524","38256.729999999996","73.00902671755725","8","1.53"
"KY","Parkers Lake","1009","65550.62","64.96592666005947","10","0.99"
"MN","Hills","516","35819.57000000001","69.41777131782948","10","1.94"
"SD","Mc Intosh","533","50756.25","95.22748592870543","0","0.0"
"MO","Cardwell","511","32249.829999999994","63.111213307240696","5","0.98"
"SC","Monetta","504","32767.3","65.01448412698413","8","1.59"
"MO","Brashear","516","41249.91","79.94168604651163","13","2.52"
"WI","Boyd","519","46174.76999999999","88.9687283236994","0","0.0"
"MN","Bigelow","521","35152.97999999999","67.47213051823414","12","2.3"
"AL","Sardis","521","33310.58000000001","63.93585412667948","14","2.69"
"PA","West Finley","471","33364.350000000006","70.83726114649683","0","0.0"
"NE","Omaha","517","39469.62","76.3435589941973","10","1.93"
"MS","Meadville","506","33222.23","65.656581027668","0","0.0"
"FL","Clearwater","553","55335.069999999985","100.06341772151896","24","4.34"
"TX","Dell City","485","29663.270000000004","61.16138144329898","0","0.0"
"FL","Cape Coral","1027","65173.73","63.46030185004869","9","0.88"
"IL","Nokomis","503","46920.5","93.28131212723657","6","1.19"
"WA","Seattle","10","6697.649999999999","669.7649999999999","10","100.0"
"NY","Palmyra","495","36718.81","74.17941414141414","7","1.41"
"GA","Girard","514","37455.69","72.87099221789883","15","2.92"
"FL","Hampton","527","50040.01","94.95258064516129","8","1.52"
"OK","Amorita","510","58673.63000000001","115.04633333333335","10","1.96"
"ME","Newport","519","30542.189999999995","58.84815028901733","13","2.5"
"NY","Medford","9","4539.62","504.40222222222224","9","100.0"
"CA","Vacaville","7","2494.2500000000005","356.3214285714286","7","100.0"
"NY","Mount Vernon","11","8564.29","778.5718181818182","11","100.0"
"NY","Beacon","11","6462.6","587.5090909090909","11","100.0"
"IN","Claypool","7","5671.95","810.2785714285714","7","100.0"
"TX","Granbury","12","8350.56","695.88","12","100.0"
"KY","Ashland","10","6149.41","614.941","10","100.0"
"PA","Clarion","9","4944.02","549.3355555555556","9","100.0"
"SC","Winnsboro","11","5007.6","455.23636363636365","11","100.0"
"IN","Noblesville","8","6867.84","858.48","8","100.0"
"NV","Las Vegas","8","5314.879999999999","664.3599999999999","8","100.0"
"MS","Moss Point","10","7131.84","713.184","10","100.0"
"ME","Freeport","9","6319.629999999998","702.1811111111109","9","100.0"
"SC","Ridge Spring","10","6950.250000000001","695.0250000000001","10","100.0"
"OH","Lithopolis","483","39034.92","80.81763975155279","11","2.28"
"MI","Romulus","2548","159819.61000000013","62.72355180533757","10","0.39"
"MN","Orr","1040","105568.67000000003","101.50833653846156","13","1.25"
"OK","Lahoma","3646","286487.58999999997","78.5758612177729","16","0.44"
"FL","Saint Petersburg","2029","118935.61999999998","58.617851158206","8","0.39"
"OR","Eugene","1558","106027.95000000001","68.05388318356869","12","0.77"
"NE","Howells","1543","98531.69999999998","63.85722618276085","11","0.71"
"TX","Cleveland","2588","124081.92","47.945100463678514","11","0.43"
"TN","Kingsport","997","87850.89","88.11523570712136","5","0.5"
"TX","Houston","4168","375265.48999999976","90.03490642994237","39","0.94"
"AL","Huntsville","3560","229491.59000000003","64.4639297752809","29","0.81"
"ND","Coleharbor","2036","125572.94","61.67629666011788","6","0.29"
"NY","Camden","1029","69663.75","67.70043731778425","7","0.68"
"UT","Woods Cross","514","48657.729999999996","94.66484435797665","0","0.0"
"KS","Esbon","2574","150208.48999999996","58.3560567210567","13","0.51"
"PA","Keisterville","2062","130711.49999999999","63.39064015518913","0","0.0"
"OH","Mount Saint Joseph","2082","203267.52999999997","97.63089817483188","12","0.58"
"KS","Topeka","3028","158450.45999999996","52.32842140026419","27","0.89"
"SC","West Columbia","1557","110211.84999999996","70.78474630700062","9","0.58"
"SD","Spencer","2553","157789.09000000003","61.80536231884059","16","0.63"
"KY","Stephensport","1538","94584.20999999996","61.49818595578671","10","0.65"
"TX","Laredo","1530","98078.93000000002","64.10387581699348","7","0.46"
"MA","Methuen","2058","110269.24","53.58077745383868","9","0.44"
"WI","East Troy","1039","62763.729999999996","60.40782483156881","11","1.06"
"KY","Mallie","2015","118791.07000000002","58.95338461538463","7","0.35"
"KS","Wichita","2558","156887.82999999996","61.33222439405784","18","0.7"
"AR","Cord","2014","113633.02000000003","56.42155908639525","0","0.0"
"WI","Hewitt","2024","184011.2499999999","90.91464920948613","8","0.4"
"TX","El Paso","538","35841.840000000004","66.62052044609666","10","1.86"
"GA","West Green","1039","103070.54999999997","99.20168431183828","13","1.25"
"CA","Fiddletown","2049","197280.23","96.28122498779894","11","0.54"
"CA","Lakeport","1996","169340.86000000002","84.84011022044089","0","0.0"
"AR","Walnut Ridge","3072","269099.4699999998","87.59748372395826","16","0.52"
"DC","Washington","3613","277115.46","76.69954608358705","21","0.58"
"NC","Mooresville","1517","98652.61999999997","65.0313909030982","8","0.53"
"VA","Arlington","1535","93164.68000000005","60.69360260586323","8","0.52"
"IL","Dongola","1022","67864.68000000001","66.40379647749512","10","0.98"
"MT","Belgrade","2043","124324.86000000003","60.85406754772395","0","0.0"
"KY","Westport","2949","209016.51999999993","70.87708375720581","15","0.51"
"NV","Ruth","1545","94724.45","61.31032362459547","4","0.26"
"CO","Kirk","1045","69216.92999999998","66.23629665071768","12","1.15"
"PA","Philadelphia","3517","323846.4499999999","92.08030992322999","6","0.17"
"WY","Freedom","2054","143214.00999999998","69.72444498539434","15","0.73"
"MD","Whaleyville","3077","181391.83000000005","58.95087097822556","11","0.36"
"AL","Montgomery","1012","66377.33","65.59024703557313","7","0.69"
"UT","Altonah","2089","127636.62000000002","61.099387266634764","14","0.67"
"MD","Hancock","2519","163202.60999999996","64.78865025803888","0","0.0"
"CA","Grenada","1564","115147.81000000003","73.62391943734018","13","0.83"
"AL","Birmingham","2566","149622.25","58.30952844894778","11","0.43"
"TX","Tyler","2102","193561.46000000002","92.08442435775453","15","0.71"
"IL","Logan","2043","122017.83000000006","59.72483113069019","9","0.44"
"NJ","Plainfield","3080","274019.8799999999","88.96749350649347","14","0.45"
"AZ","Superior","3119","280008.0499999999","89.77494389227313","7","0.22"
"VA","Drakes Branch","2547","139539.66","54.78588928150766","0","0.0"
"OR","Cascade Locks","2047","124645.52000000005","60.891802638006865","0","0.0"
"TX","Dallas","3629","289409.9","79.74921465968588","27","0.74"
"NY","Albany","1056","78008.78999999998","73.87196022727271","20","1.89"
"WY","Laramie","2021","180762.89999999997","89.44230578921325","0","0.0"
"PA","Glen Rock","1027","66615.58","64.8642453748783","9","0.88"
"MI","Elberta","3123","191918.03000000006","61.45309958373361","10","0.32"
"IA","Des Moines","1554","94802.57999999999","61.00552123552123","11","0.71"
"TX","Trenton","510","27677.16","54.26894117647059","0","0.0"
"MO","Clarksville","528","32568.730000000014","61.68320075757578","4","0.76"
"TX","Thrall","3071","169032.61000000002","55.04155323998698","0","0.0"
"ME","Parsonsfield","2037","122678.24000000002","60.22495827196859","15","0.74"
"PA","Mc Veytown","2060","110733.85000000002","53.75429611650486","16","0.78"
"GA","Vienna","538","35719.01000000001","66.3922118959108","12","2.23"
"CT","East Canaan","3090","184162.80000000005","59.59961165048545","0","0.0"
"PA","Spring Church","1494","104313.8","69.82182061579653","0","0.0"
"NE","Manley","1535","101105.95000000001","65.8670684039088","5","0.33"
"AZ","Phoenix","5075","358727.3800000003","70.6851980295567","2","0.04"
"NY","Newark Valley","1539","96364.3","62.61487979207278","7","0.45"
"OH","Maria Stein","534","36324.93","68.02421348314607","0","0.0"
"OR","Newberg","1014","56340.329999999994","55.56245562130177","0","0.0"
"CA","Greenview","1559","105725.55999999998","67.81626683771647","7","0.45"
"NY","Barneveld","2101","123069.42000000001","58.57659209900048","7","0.33"
"CA","Glendale","2614","172494.97","65.98889441469014","11","0.42"
"WA","Tekoa","2458","187818.27000000002","76.41101301871441","15","0.61"
"NY","Stittville","475","36598.72","77.04993684210527","6","1.26"
"MD","Kensington","2564","155348.79","60.58845163806553","12","0.47"
"SD","Hurley","1046","64549.630000000005","61.71092734225622","11","1.05"
"WV","Comfort","1539","100024.71000000004","64.99331384015596","14","0.91"
"SC","Edisto Island","2918","216379.44999999984","74.1533413296778","10","0.34"
"MS","Heidelberg","1021","65050.94000000002","63.712967678746345","10","0.98"
"MN","Minneapolis","1519","96048.41999999997","63.23134957208688","19","1.25"
"CA","Huntington Beach","510","47986.52","94.09121568627451","10","1.96"
"IL","Tower Hill","1528","140027.33000000002","91.64092277486913","0","0.0"
"CO","Red Cliff","521","54841.77","105.26251439539347","8","1.54"
"PA","Allentown","2107","102164.66999999998","48.488215472235396","9","0.43"
"ME","Steuben","2080","123890.16999999998","59.562581730769224","0","0.0"
"IL","Bonfield","1529","97715.63999999998","63.90820143884891","14","0.92"
"AL","Mount Hope","2087","126554.36999999998","60.639372304743645","5","0.24"
"NM","Llano","1024","58259.93999999999","56.89447265624999","0","0.0"
"NE","Holstein","2080","129854.37","62.42998557692307","9","0.43"
"LA","Tickfaw","1009","67748.76000000001","67.14445986124878","9","0.89"
"NH","Grantham","1038","69557.95","67.01151252408478","10","0.96"
"MI","Mount Clemens","1039","70590.73999999999","67.9410394610202","11","1.06"
"FL","West Palm Beach","1570","115211.04000000002","73.38282802547772","18","1.15"
"SC","Marietta","510","37053.81","72.6545294117647","9","1.76"
"NY","Port Gibson","1535","97643.74999999997","63.61156351791529","0","0.0"
"PA","Grassflat","2088","132072.18999999994","63.252964559386946","4","0.19"
"TN","Bethel Springs","1031","69117.34","67.03912706110572","10","0.97"
"PA","Shippingport","2054","204042.40000000005","99.33904576436224","14","0.68"
"ME","Bowdoin","3107","164002.25999999998","52.78476343739941","16","0.51"
"IN","Andrews","2046","118007.69999999997","57.67727272727271","0","0.0"
"VA","Greenbush","517","36160.380000000005","69.94270793036752","0","0.0"
"NY","West Sayville","2582","237516.52000000008","91.98935708752907","0","0.0"
"NJ","Elizabeth","2566","159818.52999999997","62.283137178487905","10","0.39"
"LA","Spearsville","1038","63010.82999999999","60.70407514450866","4","0.39"
"PA","Harborcreek","1563","109473.40999999997","70.04056941778629","11","0.7"
"ND","Reynolds","998","55381.00000000001","55.49198396793588","0","0.0"
"NY","Pomona","1051","67901.35000000002","64.60642245480497","0","0.0"
"AR","Winslow","1040","81508.22","78.37328846153846","10","0.96"
"IN","Veedersburg","1010","73400.12000000001","72.67338613861386","0","0.0"
"KY","Deane","1466","108067.98999999999","73.7162278308322","18","1.23"
"LA","Egan","2051","197587.10000000006","96.3369575816675","9","0.44"
"FL","Haines City","1008","68523.16000000002","67.97932539682542","10","0.99"
"IA","Clutier","524","27785.86","53.02645038167939","0","0.0"
"NY","West Henrietta","1471","96060.63999999998","65.3029503738953","0","0.0"
"IN","Bristow","1054","108082.53999999998","102.54510436432635","14","1.33"
"NY","Falconer","2080","118440.17","56.942389423076925","0","0.0"
"TN","Murfreesboro","2576","156983.6999999999","60.9408773291925","7","0.27"
"PA","Mill Creek","1520","85069.65999999999","55.96688157894736","14","0.92"
"OK","Mountain Park","2030","109728.53000000001","54.0534630541872","8","0.39"
"NE","North Loup","2030","123540.59000000003","60.85743349753696","16","0.79"
"NM","Espanola","2611","150015.91000000006","57.45534661049409","12","0.46"
"TX","Coleman","1560","101960.85999999997","65.35952564102563","9","0.58"
"AR","Bauxite","3081","273162.2699999999","88.66026290165527","8","0.26"
"AL","Brantley","1019","73771.98000000001","72.39644749754663","12","1.18"
"WY","Lonetree","1054","107054.95999999999","101.57017077798861","14","1.33"
"TX","San Angelo","506","36411.49","71.95946640316205","0","0.0"
"WA","Issaquah","2602","238545.0800000001","91.6775864719447","0","0.0"
"CO","Meredith","2037","132577.09999999998","65.08448699067254","14","0.69"
"AL","Bay Minette","1560","105218.38000000003","67.44767948717951","0","0.0"
"KY","Big Creek","1516","151215.59000000005","99.74643139841692","13","0.86"
"CT","Marion","1032","71884.75","69.65576550387597","5","0.48"
"ME","East Andover","1558","93147.76000000002","59.786752246469845","9","0.58"
"CA","Helm","2003","188061.88","93.8901048427359","8","0.4"
"CO","Colorado Springs","1547","141472.22","91.44939883645766","8","0.52"
"NJ","Bridgeport","1514","86154.81","56.90542272126816","11","0.73"
"MI","Arcadia","1546","98145.20999999999","63.48331824062095","7","0.45"
"KS","Utica","2035","116082.04000000002","57.04277149877151","5","0.25"
"TX","Notrees","2049","128767.33999999992","62.8439921913128","6","0.29"
"KY","Cranks","1517","89170.54000000001","58.78084377059987","6","0.4"
"SD","Barnard","1024","60812.63999999999","59.38734374999999","0","0.0"
"MD","Cecilton","1528","97748.49999999997","63.971531413612546","15","0.98"
"ND","Palermo","1535","156415.83","101.8995635179153","12","0.78"
"KS","Ozawkie","1543","106249.57","68.85908619572263","9","0.58"
"AL","Fairhope","527","41810.700000000004","79.3371916508539","11","2.09"
"MD","Harwood","1008","72668.27999999997","72.09154761904759","0","0.0"
"VA","Ruckersville","2619","175029.61999999994","66.83070637647955","12","0.46"
"TX","Holliday","2064","134637.93000000002","65.23155523255815","10","0.48"
"NY","Oakdale","509","35056.42999999999","68.87314341846756","7","1.38"
"SD","Deadwood","1569","96007.41000000003","61.19019120458893","11","0.7"
"TN","Grand Junction","1542","148142.75","96.07182230869002","0","0.0"
"MN","Emmons","521","34991.03999999999","67.16130518234164","12","2.3"
"NC","Andrews","1553","105418.34999999999","67.88045717965228","10","0.64"
"ME","Scarborough","1527","105524.95","69.10605762933857","11","0.72"
"TX","May","2023","138146.56","68.28796836381612","4","0.2"
"WI","Cazenovia","1544","139530.54","90.36952072538861","0","0.0"
"NC","Bailey","1511","101850.14","67.40578424884183","8","0.53"
"AL","Phenix City","2002","170757.85000000003","85.29363136863138","2","0.1"
"GA","Springfield","1013","62974.69","62.1665251727542","0","0.0"
"WA","Colton","1047","61387.80000000002","58.63209169054443","6","0.57"
"TX","Ratcliff","2034","121737.63000000006","59.85134218289089","0","0.0"
"GA","Brinson","1046","63007.030000000006","60.23616634799236","0","0.0"
"ND","Noonan","2066","120744.19000000003","58.44346079380447","5","0.24"
"HI","Honokaa","1032","64381.28999999999","62.384970930232555","0","0.0"
"TX","Summerfield","1555","147045.97000000003","94.56332475884247","10","0.64"
"AR","Ash Flat","1513","116509.30000000003","77.00548578982156","9","0.59"
"PA","Chester Heights","1531","103350.43999999997","67.50518615284126","9","0.59"
"OK","Lane","499","31576.460000000006","63.27947895791584","0","0.0"
"IL","Moro","1538","84626.83000000002","55.02394668400521","14","0.91"
"MN","Ranier","2973","211808.74999999997","71.24411368987553","6","0.2"
"GA","Darien","1532","97053.98","63.35116187989556","0","0.0"
"VA","Alexandria","1049","63456.94","60.49279313632031","12","1.14"
"AR","Texarkana","1056","90024.42000000001","85.25039772727274","9","0.85"
"WY","Lagrange","995","50598.70999999999","50.85297487437185","7","0.7"
"MN","Comfrey","2074","133741.76000000007","64.48493731919001","4","0.19"
"OK","Burns Flat","528","59129.61","111.98789772727272","14","2.65"
"NH","Belmont","1000","69899.01000000001","69.89901","0","0.0"
"NC","Haw River","2555","152213.74","59.57484931506849","9","0.35"
"OH","Fulton","1959","143028.28999999998","73.0108677896886","7","0.36"
"PA","Harmony","515","32815.96","63.72031067961165","7","1.36"
"NM","Albuquerque","1025","82311.74999999996","80.30414634146337","24","2.34"
"KY","Cadiz","1522","100073.91999999995","65.75159001314057","0","0.0"
"TX","Beasley","1049","98183.65000000001","93.59737845567207","9","0.86"
"IA","Ollie","1523","95744.47000000003","62.8657058437295","8","0.53"
"MI","Livonia","526","29594.88","56.264030418250954","0","0.0"
"TX","Lubbock","1028","67378.82999999999","65.54360894941632","0","0.0"
"TX","Lolita","1512","95228.84999999999","62.98204365079364","15","0.99"
"IA","Moulton","1563","102336.76000000004","65.47457453614845","10","0.64"
"NE","Campbell","1512","101834.08000000002","67.35058201058202","13","0.86"
"TN","Slayden","1039","69346.22","66.74323387872955","11","1.06"
"AL","Grand Bay","1033","67606.28000000001","65.44654404646661","9","0.87"
"KS","Easton","1036","103573.23","99.97416023166022","10","0.97"
"ID","Spirit Lake","506","29366.84999999999","58.03725296442686","0","0.0"
"OK","Achille","532","32485.099999999995","61.06221804511277","13","2.44"
"FL","Grand Ridge","1028","66347.32","64.54019455252919","10","0.97"
"VA","Lebanon","1009","93858.7","93.0215064420218","12","1.19"
"OH","Clay Center","1542","88514.24000000002","57.40223086900131","0","0.0"
"MD","Tuscarora","531","53710.98000000001","101.15062146892657","8","1.51"
"NE","Brainard","530","37792.939999999995","71.30743396226414","5","0.94"
"PA","Emporium","1015","69336.1","68.31142857142858","9","0.89"
"MN","Halma","1047","71158.14999999997","67.96384909264562","11","1.05"
"NY","Springfield Gardens","519","37908.9","73.04219653179192","9","1.73"
"NY","Northport","498","25032.790000000005","50.26664658634539","0","0.0"
"IA","Moscow","516","33980.380000000005","65.85344961240311","16","3.1"
"NM","Kirtland Afb","1011","55138.7","54.53877349159248","0","0.0"
"ME","Winthrop","537","28704.05999999999","53.452625698324006","8","1.49"
"NH","Jaffrey","533","32073.660000000003","60.17572232645404","0","0.0"
"KS","Mc Cracken","1560","96649.63","61.954891025641025","14","0.9"
"IA","Rockwell","514","33607.73","65.38468871595332","7","1.36"
"NE","Ravenna","520","54451.96000000001","104.7153076923077","11","2.12"
"CO","Parker","509","36392.75","71.49852652259332","7","1.38"
"TX","Lorenzo","506","46891.42","92.67079051383399","0","0.0"
"ME","West Bethel","511","31547.899999999998","61.73757338551859","6","1.17"
"CO","Aurora","512","44578.31999999999","87.06703124999999","23","4.49"
"MD","Gaithersburg","513","48947.1","95.41345029239766","12","2.34"
"NY","Westhampton Beach","1033","91377.44000000003","88.45831558567282","8","0.77"
"MS","Paris","530","37293.17999999999","70.36449056603772","12","2.26"
"ND","Michigan","493","27836.329999999994","56.46314401622717","8","1.62"
"MI","Riverview","504","46610.42999999999","92.48101190476189","15","2.98"
"IL","Smithfield","535","56480.770000000004","105.57153271028038","9","1.68"
"WI","New Franken","490","26607.79","54.30161224489796","0","0.0"
"NY","West Chazy","518","34022.649999999994","65.68079150579149","7","1.35"
"NH","North Haverhill","532","39600.18000000001","74.43642857142859","10","1.88"
"MN","Isanti","10","3273.02","327.302","10","100.0"
"WI","Waukau","10","4693.06","469.30600000000004","10","100.0"
"TN","Chattanooga","7","4900.65","700.092857142857","7","100.0"
"NY","Phelps","11","5764.55","524.0500000000001","11","100.0"
"MS","Bruce","7","3830.6499999999996","547.2357142857143","7","100.0"
"KS","Grenola","9","6271.369999999999","696.8188888888888","9","100.0"
"IL","Streator","7","3203.73","457.67571428571426","7","100.0"
"CA","Angwin","10","8339.689999999999","833.9689999999998","10","100.0"
"NY","Melville","15","10404.970000000001","693.6646666666668","15","100.0"
"VA","Oakton","9","4908.570000000001","545.3966666666668","9","100.0"
"TN","Old Hickory","537","54186.15999999999","100.90532588454374","14","2.61"
"OK","Tulsa","3086","241937.84999999998","78.39852559948152","27","0.87"
"CA","Palmdale","507","33376.170000000006","65.83071005917161","0","0.0"
"IN","Williams","516","48451.07999999999","93.8974418604651","0","0.0"
"IL","Murrayville","2456","177365.62","72.21727198697069","10","0.41"
"CT","Plymouth","2025","118120.78000000001","58.33124938271606","0","0.0"
"IA","Princeton","1527","86401.13999999998","56.58227897838899","0","0.0"
"UT","Thompson","3040","184672.81999999995","60.74763815789472","12","0.39"
"MO","Ballwin","1547","81234.47","52.51096961861668","0","0.0"
"PA","West Decatur","1026","62874.97000000001","61.28164717348929","8","0.78"
"UT","American Fork","1045","92577.18999999996","88.59061244019135","8","0.77"
"MO","Luray","1567","91263.85","58.241129546904915","0","0.0"
"AR","De Witt","3106","284013.5","91.44027688345139","14","0.45"
"KS","Holcomb","2057","185726.18999999997","90.28983471074379","16","0.78"
"FL","Lakeland","3635","308430.0699999999","84.85008803301236","21","0.58"
"NC","Collettsville","1513","151777.39000000004","100.31552544613353","8","0.53"
"TX","Rule","1548","96359.17000000003","62.2475258397933","8","0.52"
"TX","Marathon","2048","126846.89000000004","61.93695800781252","8","0.39"
"SC","Columbia","1561","109741.88000000002","70.30229340166561","12","0.77"
"SC","Scotia","2058","123209.09999999995","59.86836734693875","15","0.73"
"OH","Cuyahoga Falls","1549","100466.21000000005","64.85875403486124","8","0.52"
"OH","Diamond","2543","220389.63999999996","86.66521431380258","10","0.39"
"IA","Birmingham","3051","183914.73","60.280147492625375","0","0.0"
"CA","Indian Wells","1555","101709.44999999998","65.40800643086816","12","0.77"
"VT","Hinesburg","3112","163214.11","52.44669344473007","15","0.48"
"AL","Woodville","2109","111276.82000000007","52.762835467046024","0","0.0"
"NH","Conway","1525","90395.97","59.27604590163934","8","0.52"
"WV","Winfield","2551","152727.3","59.86958055664445","11","0.43"
"AL","Eldridge","1539","94741.48999999999","61.56042235217673","13","0.84"
"SC","Ehrhardt","518","29348.440000000002","56.65722007722008","7","1.35"
"CA","Hawthorne","1538","110189.51000000001","71.64467490247075","8","0.52"
"MO","Williamsburg","524","53291.87999999999","101.70206106870228","13","2.48"
"ID","Meridian","2498","215804.73999999996","86.39100880704562","0","0.0"
"PA","Lawn","2069","119384.80999999998","57.70169647172546","11","0.53"
"PA","Montandon","1554","145890.03","93.88032818532818","11","0.71"
"PA","Cressona","1026","60659.68999999998","59.122504873294325","0","0.0"
"SD","Belle Fourche","1039","74960.89000000003","72.14715110683352","12","1.15"
"OH","Lima","1547","92772.00999999998","59.96897866839042","10","0.65"
"MN","Saint Paul","2062","191617.83999999997","92.92814742967991","11","0.53"
"MN","Stanchfield","2573","138809.79000000004","53.94861640108824","15","0.58"
"LA","Saint Amant","2524","224708.15000000002","89.02858557844692","0","0.0"
"ND","Shields","3056","170000.95","55.62858311518325","11","0.36"
"CA","Oakland","1566","94982.03000000003","60.652637292464895","9","0.57"
"MI","Falmouth","2034","129638.95000000004","63.73596361848576","11","0.54"
"NJ","Boonton","1047","62659.8","59.84699140401146","10","0.96"
"FL","Loxahatchee","1556","130820.24999999999","84.07471079691516","6","0.39"
"NY","Hudson","2521","125374.08","49.73188417294725","8","0.32"
"NY","Cowlesville","1509","85420.45999999999","56.60732935719019","9","0.6"
"NC","Gibsonville","1044","69801.54000000001","66.85971264367817","7","0.67"
"IL","Galatia","525","35513.79999999999","67.64533333333331","9","1.71"
"NY","Allentown","1023","72586.18000000001","70.95423264907137","12","1.17"
"LA","Baton Rouge","3064","277085.65","90.43265339425588","0","0.0"
"PA","Dublin","552","36101.729999999996","65.40168478260868","7","1.27"
"MS","Mayersville","2035","189228.01","92.9867371007371","0","0.0"
"NY","Brownville","2068","127371.95999999996","61.5918568665377","15","0.73"
"NC","Moravian Falls","2028","177233.44000000003","87.39321499013808","0","0.0"
"MO","Centerview","3087","177763.41999999993","57.58452218982829","11","0.36"
"IN","Prairie Creek","532","36121.200000000004","67.89699248120301","12","2.26"
"LA","Gretna","1522","91041.98","59.817332457293034","7","0.46"
"OR","Jordan Valley","521","53662.05","102.99817658349329","11","2.11"
"WV","Tallmansville","2053","123872.39000000001","60.33725767169996","0","0.0"
"TN","Knoxville","2587","225139.35000000012","87.02719366061079","12","0.46"
"WI","Bagley","2585","149752.47999999992","57.93132688588005","10","0.39"
"SD","Fulton","2018","116015.26999999996","57.49022299306242","4","0.2"
"IL","Eureka","1519","90077.56999999999","59.30057274522712","0","0.0"
"TX","Lake Jackson","2556","133290.40999999997","52.14804773082941","16","0.63"
"OH","Mansfield","1540","109289.94999999998","70.96749999999999","11","0.71"
"CA","Norwalk","2568","152881.76000000007","59.53339563862931","7","0.27"
"WI","Benton","518","31084.880000000005","60.009420849420856","5","0.97"
"TN","Oakland","1049","63416.41","60.45415633937083","0","0.0"
"WI","North Prairie","2063","132074.08999999997","64.02040232670866","12","0.58"
"WA","Vancouver","500","44063.55","88.12710000000001","0","0.0"
"OR","Lake Oswego","1572","137744.40999999997","87.62367048346054","0","0.0"
"NY","Tupper Lake","3055","254989.3400000001","83.46623240589201","3","0.1"
"NC","North Wilkesboro","2572","211302.70999999996","82.1550194401244","7","0.27"
"WV","Union","1021","65383.83000000001","64.03901077375123","11","1.08"
"MO","Rocky Mount","3045","170856.34000000003","56.1104564860427","8","0.26"
"AR","Norman","3039","206076.75000000006","67.81071076011848","13","0.43"
"AL","Paint Rock","1529","92780.50000000001","60.680510137344676","6","0.39"
"MI","Wetmore","3074","190975.99000000002","62.126216655823036","10","0.33"
"IA","Hedrick","1001","72201.37","72.12924075924076","8","0.8"
"MN","Sauk Rapids","1041","60866.51000000003","58.469269932756994","12","1.15"
"OH","Norwalk","504","36616.72","72.65222222222222","8","1.59"
"TX","Altair","2051","121176.89","59.08185763042418","8","0.39"
"PA","Clarks Mills","2918","221146.62000000008","75.78705277587392","0","0.0"
"TX","Prairie Hill","2019","132048.92","65.4031302625062","4","0.2"
"NJ","Ogdensburg","2042","112762.00000000006","55.22135161606271","15","0.73"
"WV","Ronceverte","2599","223440.82000000012","85.97184301654487","3","0.12"
"UT","Hatch","1513","95594.78000000007","63.18227362855259","9","0.59"
"AR","Viola","1553","83004.05999999995","53.44755956213777","0","0.0"
"MD","Manchester","1544","105370.03000000001","68.24483808290157","10","0.65"
"NE","Carroll","1043","104274.43","99.97548418024927","13","1.25"
"TX","San Antonio","5130","322992.36","62.961473684210524","25","0.49"
"VA","Timberville","1512","116997.44999999998","77.37926587301587","8","0.53"
"NY","Montrose","1034","65300.61999999998","63.15340425531913","10","0.97"
"AR","Cherokee Village","1565","142540.64","91.08028115015975","15","0.96"
"MI","Detroit","3584","241561.15999999997","67.39987723214286","26","0.73"
"MT","Turner","1533","92519.62000000002","60.3520026092629","0","0.0"
"SC","Hopkins","1529","103382.59","67.61451275343362","10","0.65"
"PA","Fenelton","2551","202980.24","79.56889063112504","21","0.82"
"RI","Providence","550","45066.67","81.93939999999999","15","2.73"
"CA","San Jose","2029","120058.49000000002","59.171261705273544","18","0.89"
"AL","Cleveland","2016","127738.45000000003","63.3623263888889","7","0.35"
"MO","Independence","1559","137561.26000000004","88.2368569595895","11","0.71"
"MO","Matthews","1519","95981.09","63.187024358130344","14","0.92"
"MS","University","1542","91702.69000000002","59.46996757457848","16","1.04"
"NH","Center Tuftonboro","1025","68540.26000000001","66.86854634146343","8","0.78"
"FL","Umatilla","1045","98023.10000000003","93.80200956937803","14","1.34"
"OK","Tryon","990","58879.41999999998","59.474161616161595","5","0.51"
"VT","West Hartford","2051","199435.80000000002","97.2383227693808","11","0.54"
"PA","Cokeburg","2074","199199.34999999995","96.0459739633558","9","0.43"
"WA","Monitor","524","37009.36000000001","70.62854961832062","14","2.67"
"NE","Valentine","508","38418.91","75.62777559055118","12","2.36"
"CA","Carlotta","2036","120327.35999999996","59.09988212180745","0","0.0"
"WV","Hurricane","2047","179963.31999999995","87.91564240351732","3","0.15"
"MD","Corriganville","2069","132139.85000000003","63.86652972450461","14","0.68"
"OH","Amanda","1528","126333.88999999998","82.67924738219894","7","0.46"
"IA","Whittemore","503","29106.899999999998","57.86660039761431","0","0.0"
"WV","Cass","1562","111329.77000000002","71.27386043533932","15","0.96"
"KY","Dubre","1058","61689.799999999996","58.307939508506614","12","1.13"
"VA","Ford","1507","81863.48999999999","54.32215660252156","0","0.0"
"FL","Key West","2584","145889.36","56.45873065015479","11","0.43"
"FL","Saint James City","1549","99595.91999999997","64.29691413815362","12","0.77"
"WI","Adams","516","30856.910000000007","59.80021317829459","0","0.0"
"LA","Kenner","1528","111812.94","73.17600785340315","20","1.31"
"VA","Springfield","1535","105795.16999999997","68.92193485342017","11","0.72"
"VA","Atlantic","2068","197223.8800000001","95.36938104448747","14","0.68"
"IA","Early","485","29987.190000000002","61.82925773195877","4","0.82"
"OK","Oklahoma City","1031","72839.34999999999","70.64922405431619","8","0.78"
"CA","Daly City","1530","140163.85999999996","91.61036601307187","11","0.72"
"PA","Mifflin","2027","126366.77000000002","62.34177109028121","9","0.44"
"MA","Sheffield","2023","106041.45999999993","52.41792387543249","0","0.0"
"NE","Westerville","2050","153552.58000000002","74.90369756097562","11","0.54"
"WV","Shenandoah Junction","2024","126453.25000000001","62.476902173913054","13","0.64"
"MT","Boulder","493","35878.899999999994","72.77667342799188","15","3.04"
"TX","Sterling City","1018","75713.25999999998","74.37451866404713","12","1.18"
"IL","New Boston","2065","197492.15000000002","95.63784503631962","0","0.0"
"OR","Portland","1023","63451.69","62.02511241446726","0","0.0"
"OH","Canton","1014","68863.68000000001","67.91289940828403","8","0.79"
"MI","Cedar","1540","94869.20999999996","61.603383116883094","0","0.0"
"MN","Lonsdale","2028","104208.09000000004","51.38465976331363","0","0.0"
"MO","Camden","1005","56944.92999999999","56.66162189054726","0","0.0"
"MI","Bay City","510","36883.80000000001","72.32117647058826","7","1.37"
"MS","Sunflower","512","30200.969999999994","58.98626953124999","10","1.95"
"GA","Valdosta","1522","122144.42000000004","80.25257555847571","0","0.0"
"AZ","Humboldt","480","32916.130000000005","68.57527083333335","10","2.08"
"OK","Stillwater","1030","76605.99999999999","74.37475728155339","7","0.68"
"KY","Elizabethtown","1557","88521.17999999995","56.85368015414255","0","0.0"
"MS","Jackson","496","25160.11","50.72602822580645","0","0.0"
"PA","Rockwood","1002","68339.49000000002","68.20308383233535","7","0.7"
"TX","O Brien","2052","113131.51999999997","55.13231968810915","14","0.68"
"MS","Sturgis","1578","107945.85000000002","68.40674904942968","7","0.44"
"NM","Crownpoint","1004","72836.85","72.54666334661356","8","0.8"
"MO","Arnold","2013","110573.07000000002","54.92949329359166","8","0.4"
"MT","Sula","1512","104220.94","68.92919312169312","8","0.53"
"NJ","Monmouth Beach","2035","132190.09000000003","64.9582751842752","0","0.0"
"IA","Clarinda","2021","120462.62000000005","59.60545274616529","10","0.49"
"NY","Bellmore","2577","230738.37999999995","89.53759410166859","7","0.27"
"MO","Unionville","1027","80998.59","78.86912366114898","11","1.07"
"OR","Powell Butte","523","31807.3","60.817017208413","4","0.76"
"ND","Rhame","1491","89697.62","60.15936955063715","6","0.4"
"MO","Saint Louis","1030","74507.14","72.3370291262136","8","0.78"
"OK","Thomas","1535","79674.02000000002","51.90489902280132","0","0.0"
"TN","Apison","519","34185.880000000005","65.86874759152217","9","1.73"
"AL","Ragland","502","31188.929999999993","62.12934262948206","12","2.39"
"MO","Louisiana","508","36575.16","71.99834645669291","11","2.17"
"NJ","Matawan","2054","123996.64","60.36837390457644","7","0.34"
"MA","Stoneham","519","39143.85","75.42167630057803","11","2.12"
"OH","Mount Perry","1534","97951.02","63.853337679269885","11","0.72"
"TX","Purmela","1525","96650.70000000001","63.37750819672132","11","0.72"
"NY","New York City","2563","206962.98999999996","80.75028872415137","23","0.9"
"ME","Kittery Point","520","49012.3","94.25442307692309","8","1.54"
"TX","Falls City","985","73360.57999999999","74.47774619289339","7","0.71"
"UT","Mendon","1001","59244.61","59.18542457542458","9","0.9"
"MD","Great Mills","1565","88388.25999999998","56.478121405750784","0","0.0"
"NJ","Iselin","513","33838.22","65.9614424951267","10","1.95"
"CT","Higganum","1033","76452.87999999998","74.01053242981605","11","1.06"
"CA","Azusa","501","43100.119999999995","86.02818363273452","0","0.0"
"OH","Zaleski","1557","151299.07","97.17345536287733","12","0.77"
"TX","Gainesville","536","31983.1","59.66996268656716","8","1.49"
"TX","Camden","501","30576.820000000007","61.0315768463074","0","0.0"
"AR","Pea Ridge","495","35451.83","71.6198585858586","0","0.0"
"CA","Laguna Hills","1543","121787.87","78.92927414128322","11","0.71"
"AR","De Queen","520","33773.590000000004","64.94921153846154","9","1.73"
"KY","Hazel","529","53668.330000000016","101.45241965973538","10","1.89"
"AK","Huslia","540","36441.87","67.48494444444445","9","1.67"
"OH","Arcadia","506","34279.95","67.74693675889327","11","2.17"
"GA","Kings Bay","492","33794.500000000015","68.68800813008133","5","1.02"
"FL","Bonita Springs","518","40982.450000000004","79.11669884169885","0","0.0"
"MO","Blairstown","1513","108026.63999999996","71.39896893588893","0","0.0"
"NH","Newton","528","40156.84999999999","76.05464015151513","10","1.89"
"CA","Parker Dam","508","49441.2","97.3251968503937","10","1.97"
"KS","Hudson","1026","70914.95000000003","69.11788499025344","13","1.27"
"IL","Dieterich","1559","98738.37000000001","63.33442591404747","14","0.9"
"KY","Saint Francis","525","41043.70000000001","78.17847619047622","14","2.67"
"MI","Elk Rapids","529","50631.829999999994","95.71234404536861","0","0.0"
"MI","Luzerne","999","72526.18","72.59877877877877","15","1.5"
"TX","Humble","1005","69600.67999999998","69.25440796019899","12","1.19"
"CA","Fields Landing","1547","101271.79","65.46334195216548","12","0.78"
"KS","Burrton","972","66229.54999999999","68.13739711934156","0","0.0"
"OH","Dayton","517","44727.13","86.51282398452611","7","1.35"
"TX","Cross Plains","1025","64885.16000000002","63.302595121951235","9","0.88"
"NV","Washoe Valley","519","36643.34","70.60373795761079","12","2.31"
"ID","Malad City","503","33132.63","65.8700397614314","0","0.0"
"WI","Tomahawk","1544","72392.81999999998","46.88654145077719","0","0.0"
"WA","Ashford","1040","64567.239999999976","62.08388461538459","12","1.15"
"VA","Falls Church","1021","89649.41000000003","87.80549461312442","8","0.78"
"MI","Republic","516","30268.27","58.65943798449612","8","1.55"
"GA","Sea Island","492","31284.53","63.586443089430894","11","2.24"
"IN","New Goshen","520","34744.95","66.81721153846154","9","1.73"
"NJ","West Long Branch","519","39472.46","76.05483622350674","8","1.54"
"MO","Pleasant Hill","8","1348.5299999999997","168.56624999999997","8","100.0"
"AR","Roland","11","7066.92","642.4472727272728","11","100.0"
"TN","Benton","12","8511.91","709.3258333333333","12","100.0"
"WI","Marshall","10","4976.26","497.62600000000003","10","100.0"
"CA","Downey","10","5858.01","585.801","10","100.0"
"NC","Crouse","8","3023.4000000000005","377.92500000000007","8","100.0"
"LA","Madisonville","11","7229.889999999999","657.2627272727273","11","100.0"
"NY","Greenport","10","7323.65","732.365","10","100.0"
"IL","West Frankfort","13","6751.8099999999995","519.37","13","100.0"
"MI","Gaines","8","4831.610000000001","603.9512500000001","8","100.0"
"AK","Kaktovik","12","7807.28","650.6066666666667","12","100.0"
"CA","Buellton","8","2444.53","305.56625","8","100.0"
"TN","Wartburg","11","5767.01","524.2736363636363","11","100.0"
"MI","East China","9","3588.5","398.72222222222223","9","100.0"
"WI","Brookfield","9","5362.900000000001","595.8777777777779","9","100.0"
"PA","Nicholson","9","5523.45","613.7166666666667","9","100.0"
"TX","Lockhart","9","6038.89","670.9877777777779","9","100.0"
"VA","Mineral","12","7045.77","587.1475","12","100.0"
"MO","Wappapello","8","6737.850000000001","842.2312500000002","8","100.0"
"NY","Nanuet","10","6263.21","626.321","10","100.0"
