"date_key","full_date","year","quarter","month","month_name","weekday","total_transactions","total_revenue","average_transaction_value","fraud_transactions","fraud_rate_percent"
"20190510","2019-05-10","2019","2","5","May","Friday","1878","129936.91000000024","69.1889829605965","6","0.32"
"20190516","2019-05-16","2019","2","5","May","Thursday","1857","133875.74000000028","72.0924824986539","15","0.81"
"20190523","2019-05-23","2019","2","5","May","Thursday","1879","126218.25000000009","67.17309739222996","15","0.8"
"20190526","2019-05-26","2019","2","5","May","Sunday","3933","274885.2400000004","69.89200101703544","29","0.74"
"20190528","2019-05-28","2019","2","5","May","Tuesday","1826","127174.95000000007","69.64674151150058","3","0.16"
"20190530","2019-05-30","2019","2","5","May","Thursday","2360","173585.1700000001","73.55303813559327","2","0.08"
"20190610","2019-06-10","2019","2","6","June","Monday","3831","279909.7300000008","73.06440354998716","26","0.68"
"20190612","2019-06-12","2019","2","6","June","Wednesday","2088","137645.90999999997","65.92237068965515","0","0.0"
"20190613","2019-06-13","2019","2","6","June","Thursday","2326","155923.69999999978","67.03512467755795","5","0.21"
"20190615","2019-06-15","2019","2","6","June","Saturday","3335","244200.78999999972","73.22362518740621","16","0.48"
"20190618","2019-06-18","2019","2","6","June","Tuesday","1826","130388.81999999969","71.40680175246423","8","0.44"
"20190621","2019-06-21","2019","2","6","June","Friday","2400","172977.1399999997","72.0738083333332","10","0.42"
"20190622","2019-06-22","2019","2","6","June","Saturday","3291","237216.3399999999","72.08032209054996","23","0.7"
"20190626","2019-06-26","2019","2","6","June","Wednesday","2060","143375.42000000004","69.59971844660197","5","0.24"
"20190627","2019-06-27","2019","2","6","June","Thursday","2265","154278.37999999992","68.1140750551876","9","0.4"
"20190629","2019-06-29","2019","2","6","June","Saturday","3357","248281.0600000002","73.95920762585648","43","1.28"
"20190706","2019-07-06","2019","3","7","July","Saturday","3444","260879.07000000007","75.74885888501744","22","0.64"
"20190711","2019-07-11","2019","3","7","July","Thursday","2340","180463.0299999999","77.12095299145295","19","0.81"
"20190712","2019-07-12","2019","3","7","July","Friday","2362","170650.47","72.24829381879763","15","0.64"
"20190715","2019-07-15","2019","3","7","July","Monday","3742","272762.8599999995","72.89226616782456","11","0.29"
"20190718","2019-07-18","2019","3","7","July","Thursday","2288","163108.29999999993","71.28859265734263","0","0.0"
"20190723","2019-07-23","2019","3","7","July","Tuesday","1837","127110.36000000004","69.1945345672292","2","0.11"
"20190726","2019-07-26","2019","3","7","July","Friday","2331","156752.96999999962","67.24709137709121","11","0.47"
"20190807","2019-08-07","2019","3","8","August","Wednesday","2090","154636.93000000002","73.98896172248804","5","0.24"
"20190809","2019-08-09","2019","3","8","August","Friday","2312","157954.9800000002","68.31962802768176","3","0.13"
"20190810","2019-08-10","2019","3","8","August","Saturday","3344","229242.23000000016","68.55329844497612","13","0.39"
"20190101","2019-01-01","2019","1","1","January","Tuesday","2414","156487.09000000043","64.8248094449049","0","0.0"
"20190102","2019-01-02","2019","1","1","January","Wednesday","1118","70723.58","63.25901610017889","7","0.63"
"20190110","2019-01-10","2019","1","1","January","Thursday","1249","87716.00999999994","70.22899119295431","6","0.48"
"20190122","2019-01-22","2019","1","1","January","Tuesday","2302","165953.28","72.0909122502172","21","0.91"
"20190123","2019-01-23","2019","1","1","January","Wednesday","1137","76814.2200000001","67.55868073878636","2","0.18"
"20190127","2019-01-27","2019","1","1","January","Sunday","2029","145681.70999999964","71.79975850172481","19","0.94"
"20190203","2019-02-03","2019","1","2","February","Sunday","2020","146800.84999999957","72.67368811881167","19","0.94"
"20190206","2019-02-06","2019","1","2","February","Wednesday","1122","88121.1400000001","78.5393404634582","14","1.25"
"20190208","2019-02-08","2019","1","2","February","Friday","1435","109503.13000000002","76.30880139372823","34","2.37"
"20190210","2019-02-10","2019","1","2","February","Sunday","2019","136119.3599999999","67.41919762258539","5","0.25"
"20190222","2019-02-22","2019","1","2","February","Friday","1396","91655.98000000003","65.65614613180517","18","1.29"
"20190227","2019-02-27","2019","1","2","February","Wednesday","1106","81551.85000000015","73.73584990958422","4","0.36"
"20190304","2019-03-04","2019","1","3","March","Monday","3093","221443.55000000002","71.59506951180084","13","0.42"
"20190305","2019-03-05","2019","1","3","March","Tuesday","1560","123154.8499999999","78.9454166666666","19","1.22"
"20190310","2019-03-10","2019","1","3","March","Sunday","3258","237672.4299999998","72.9504082259054","17","0.52"
"20190312","2019-03-12","2019","1","3","March","Tuesday","1429","104592.5","73.1927921623513","14","0.98"
"20190314","2019-03-14","2019","1","3","March","Thursday","1868","137732.15000000002","73.73241434689508","28","1.5"
"20190316","2019-03-16","2019","1","3","March","Saturday","2649","199057.15000000005","75.14426198565498","26","0.98"
"20190317","2019-03-17","2019","1","3","March","Sunday","3117","209019.16000000032","67.05779916586472","7","0.22"
"20190319","2019-03-19","2019","1","3","March","Tuesday","1476","98314.48000000019","66.608726287263","17","1.15"
"20190320","2019-03-20","2019","1","3","March","Wednesday","1715","129872.23000000013","75.72724781341115","27","1.57"
"20190326","2019-03-26","2019","1","3","March","Tuesday","1497","108902.9500000001","72.74746158984642","10","0.67"
"20190331","2019-03-31","2019","1","3","March","Sunday","3182","217238.21","68.2709648020113","15","0.47"
"20190401","2019-04-01","2019","2","4","April","Monday","3100","201691.57999999993","65.06179999999998","6","0.19"
"20190402","2019-04-02","2019","2","4","April","Tuesday","1429","95332.30000000006","66.71259622113371","5","0.35"
"20190409","2019-04-09","2019","2","4","April","Tuesday","1465","94894.05000000012","64.77409556314001","8","0.55"
"20190430","2019-04-30","2019","2","4","April","Tuesday","1535","118751.16000000013","77.36231921824113","15","0.98"
"20190503","2019-05-03","2019","2","5","May","Friday","1849","130308.95","70.47536506219578","17","0.92"
"20190814","2019-08-14","2019","3","8","August","Wednesday","2128","137366.80999999965","64.55207236842088","3","0.14"
"20190816","2019-08-16","2019","3","8","August","Friday","2313","162101.45000000004","70.0827712926935","8","0.35"
"20190817","2019-08-17","2019","3","8","August","Saturday","3370","241870.31000000043","71.77160534124641","27","0.8"
"20190818","2019-08-18","2019","3","8","August","Sunday","3940","268880.79000000027","68.24385532994931","21","0.53"
"20190819","2019-08-19","2019","3","8","August","Monday","3772","292757.65000000014","77.61337486744436","12","0.32"
"20190822","2019-08-22","2019","3","8","August","Thursday","2257","152221.7400000002","67.44428001772273","0","0.0"
"20190824","2019-08-24","2019","3","8","August","Saturday","3433","223089.57000000004","64.9838537722109","22","0.64"
"20190825","2019-08-25","2019","3","8","August","Sunday","3983","285961.61999999936","71.79553602811934","29","0.73"
"20190901","2019-09-01","2019","3","9","September","Sunday","4129","282561.59","68.43341971421653","24","0.58"
"20190904","2019-09-04","2019","3","9","September","Wednesday","1682","121275.76000000002","72.10211652794294","9","0.54"
"20190911","2019-09-11","2019","3","9","September","Wednesday","1593","132316.08999999976","83.06094789704945","41","2.57"
"20190921","2019-09-21","2019","3","9","September","Saturday","2688","179889.30999999988","66.92310639880948","12","0.45"
"20190926","2019-09-26","2019","3","9","September","Thursday","1894","119583.07000000017","63.13784054910251","2","0.11"
"20190927","2019-09-27","2019","3","9","September","Friday","1877","137743.07999999996","73.38469898774638","6","0.32"
"20190928","2019-09-28","2019","3","9","September","Saturday","2638","197444.11000000048","74.84613722517076","24","0.91"
"20191001","2019-10-01","2019","4","10","October","Tuesday","1499","107907.88000000018","71.98657771847911","14","0.93"
"20191002","2019-10-02","2019","4","10","October","Wednesday","1734","122120.59000000011","70.42709919261829","23","1.33"
"20191003","2019-10-03","2019","4","10","October","Thursday","1869","136004.86000000004","72.768785446763","7","0.37"
"20191005","2019-10-05","2019","4","10","October","Saturday","2744","189435.9800000001","69.03643586005835","19","0.69"
"20191006","2019-10-06","2019","4","10","October","Sunday","3183","216518.0399999996","68.02326107445793","25","0.79"
"20191009","2019-10-09","2019","4","10","October","Wednesday","1670","114972.10000000017","68.84556886227554","20","1.2"
"20191010","2019-10-10","2019","4","10","October","Thursday","1925","142828.90999999992","74.19683636363632","16","0.83"
"20191011","2019-10-11","2019","4","10","October","Friday","1882","135444.58000000016","71.96842720510104","15","0.8"
"20191013","2019-10-13","2019","4","10","October","Sunday","3172","214916.84000000032","67.7543631778059","30","0.95"
"20191014","2019-10-14","2019","4","10","October","Monday","3129","226402.60000000036","72.35621604346449","26","0.83"
"20191020","2019-10-20","2019","4","10","October","Sunday","3230","239242.95999999964","74.06902786377698","37","1.15"
"20191023","2019-10-23","2019","4","10","October","Wednesday","1710","125672.63000000002","73.49276608187135","12","0.7"
"20191024","2019-10-24","2019","4","10","October","Thursday","1836","133617.5999999999","72.77647058823523","4","0.22"
"20191103","2019-11-03","2019","4","11","November","Sunday","3252","216880.29000000024","66.69135608856097","13","0.4"
"20191105","2019-11-05","2019","4","11","November","Tuesday","1505","105682.23000000003","70.2207508305648","4","0.27"
"20191107","2019-11-07","2019","4","11","November","Thursday","1872","140482.72000000003","75.04418803418805","7","0.37"
"20191108","2019-11-08","2019","4","11","November","Friday","1894","137548.8399999996","72.62346356916557","10","0.53"
"20191109","2019-11-09","2019","4","11","November","Saturday","2702","174453.5100000001","64.56458549222802","7","0.26"
"20191204","2019-12-04","2019","4","12","December","Wednesday","3341","234157.39999999944","70.086022149057","28","0.84"
"20191205","2019-12-05","2019","4","12","December","Thursday","3683","267582.09","72.6532962259028","21","0.57"
"20191208","2019-12-08","2019","4","12","December","Sunday","6428","431437.5699999981","67.11847697573087","14","0.22"
"20191211","2019-12-11","2019","4","12","December","Wednesday","3312","247370.49000000022","74.68915760869572","17","0.51"
"20191217","2019-12-17","2019","4","12","December","Tuesday","2986","226815.31999999948","75.95958472873392","11","0.37"
"20191221","2019-12-21","2019","4","12","December","Saturday","5366","380241.73000000074","70.86129891912053","23","0.43"
"20191224","2019-12-24","2019","4","12","December","Tuesday","2885","207699.66","71.99294974003466","25","0.87"
"20191227","2019-12-27","2019","4","12","December","Friday","3674","248012.02999999985","67.5046352749047","17","0.46"
"20191229","2019-12-29","2019","4","12","December","Sunday","6320","420740.83000000176","66.57291613924079","25","0.4"
"20191230","2019-12-30","2019","4","12","December","Monday","6064","447632.45999999926","73.81801781002626","32","0.53"
"20200108","2020-01-08","2020","1","1","January","Wednesday","1264","109046.54000000001","86.27099683544304","18","1.42"
"20200109","2020-01-09","2020","1","1","January","Thursday","1404","108361.68999999983","77.18069088319076","9","0.64"
"20200110","2020-01-10","2020","1","1","January","Friday","1326","94291.20999999992","71.10950980392151","8","0.6"
"20200111","2020-01-11","2020","1","1","January","Saturday","2103","150544.3299999998","71.58551117451252","20","0.95"
"20200119","2020-01-19","2020","1","1","January","Sunday","2441","164056.50000000032","67.20872593199522","20","0.82"
"20200126","2020-01-26","2020","1","1","January","Sunday","2358","162214.65999999995","68.7933248515691","11","0.47"
"20200206","2020-02-06","2020","1","2","February","Thursday","1363","94111.03000000001","69.04697725605284","0","0.0"
"20200210","2020-02-10","2020","1","2","February","Monday","2338","165551.86999999982","70.80918306244646","8","0.34"
"20200213","2020-02-13","2020","1","2","February","Thursday","1331","89347.18999999984","67.12786626596532","4","0.3"
"20200218","2020-02-18","2020","1","2","February","Tuesday","1100","71700.37999999998","65.18216363636361","3","0.27"
"20200220","2020-02-20","2020","1","2","February","Thursday","1393","100690.00000000022","72.2828427853555","25","1.79"
"20200227","2020-02-27","2020","1","2","February","Thursday","1391","96539.48000000011","69.40293314162481","26","1.87"
"20200304","2020-03-04","2020","1","3","March","Wednesday","1533","112755.93000000001","73.55246575342466","6","0.39"
"20200308","2020-03-08","2020","1","3","March","Sunday","2714","196332.26999999976","72.3405563743551","15","0.55"
"20200312","2020-03-12","2020","1","3","March","Thursday","1722","136768.52999999977","79.42423344947721","31","1.8"
"20200315","2020-03-15","2020","1","3","March","Sunday","2690","196194.96999999974","72.93493308550177","18","0.67"
"20200317","2020-03-17","2020","1","3","March","Tuesday","3143","215814.61000000036","68.66516385618847","32","1.02"
"20200330","2020-03-30","2020","1","3","March","Monday","3228","223668.02000000075","69.2899690210659","4","0.12"
"20200405","2020-04-05","2020","2","4","April","Sunday","2714","176726.97000000044","65.11679071481225","0","0.0"
"20200407","2020-04-07","2020","2","4","April","Tuesday","3211","215582.90000000014","67.13886639676117","28","0.87"
"20200408","2020-04-08","2020","2","4","April","Wednesday","1422","96611.23999999985","67.94039381153294","10","0.7"
"20200409","2020-04-09","2020","2","4","April","Thursday","1640","120768.99999999993","73.63963414634142","9","0.55"
"20200410","2020-04-10","2020","2","4","April","Friday","1926","132229.57000000007","68.65502076843202","9","0.47"
"20200413","2020-04-13","2020","2","4","April","Monday","3327","224864.55000000086","67.58778178539251","9","0.27"
"20200420","2020-04-20","2020","2","4","April","Monday","3220","227245.78000000078","70.57322360248472","18","0.56"
"20200423","2020-04-23","2020","2","4","April","Thursday","1667","112011.97000000013","67.19374325134982","7","0.42"
"20200425","2020-04-25","2020","2","4","April","Saturday","1828","129861.19000000018","71.04003829321672","12","0.66"
"20200429","2020-04-29","2020","2","4","April","Wednesday","1519","112343.06999999983","73.95857142857132","13","0.86"
"20200430","2020-04-30","2020","2","4","April","Thursday","1722","120358.32999999999","69.89450058072009","12","0.7"
"20200508","2020-05-08","2020","2","5","May","Friday","1882","129949.13999999981","69.04842720510085","11","0.58"
"20200512","2020-05-12","2020","2","5","May","Tuesday","3099","233244.84","75.26454985479187","20","0.65"
"20200514","2020-05-14","2020","2","5","May","Thursday","1695","118595.39000000006","69.9677817109145","9","0.53"
"20200516","2020-05-16","2020","2","5","May","Saturday","1864","126233.28999999998","67.72172210300428","9","0.48"
"20200518","2020-05-18","2020","2","5","May","Monday","3086","209870.83000000022","68.00739792611802","10","0.32"
"20200519","2020-05-19","2020","2","5","May","Tuesday","3118","215388.54999999944","69.07907312379713","21","0.67"
"20200526","2020-05-26","2020","2","5","May","Tuesday","3839","263256.7899999999","68.57431362333939","9","0.23"
"20200527","2020-05-27","2020","2","5","May","Wednesday","1846","129065.34000000016","69.91621885157105","14","0.76"
"20200604","2020-06-04","2020","2","6","June","Thursday","2084","143195.89000000007","68.71203934740886","19","0.91"
"20200605","2020-06-05","2020","2","6","June","Friday","2396","159802.47999999963","66.69552587646062","6","0.25"
"20200612","2020-06-12","2020","2","6","June","Friday","2372","162727.2400000002","68.60338954468811","2","0.08"
"20190507","2019-05-07","2019","2","5","May","Tuesday","1501","102367.14999999997","68.19930046635574","6","0.4"
"20190508","2019-05-08","2019","2","5","May","Wednesday","1757","116485.29000000001","66.29783153101879","0","0.0"
"20190509","2019-05-09","2019","2","5","May","Thursday","1808","130211.20999999996","72.0194745575221","0","0.0"
"20190511","2019-05-11","2019","2","5","May","Saturday","2698","183042.4299999999","67.84374722016305","17","0.63"
"20190512","2019-05-12","2019","2","5","May","Sunday","3218","225684.23000000068","70.13183032939735","24","0.75"
"20190513","2019-05-13","2019","2","5","May","Monday","3022","214729.62000000034","71.055466578425","13","0.43"
"20190520","2019-05-20","2019","2","5","May","Monday","3177","247510.3299999996","77.9069342146678","44","1.38"
"20190521","2019-05-21","2019","2","5","May","Tuesday","1492","105499.08999999994","70.70984584450397","11","0.74"
"20190524","2019-05-24","2019","2","5","May","Friday","2258","143473.8799999996","63.54024800708574","14","0.62"
"20190527","2019-05-27","2019","2","5","May","Monday","3770","255876.3199999996","67.87170291777177","6","0.16"
"20190624","2019-06-24","2019","2","6","June","Monday","3792","277637.10999999946","73.21653744725724","6","0.16"
"20190701","2019-07-01","2019","3","7","July","Monday","3787","257189.04000000033","67.91366252970698","0","0.0"
"20190705","2019-07-05","2019","3","7","July","Friday","2305","170447.60999999993","73.9469023861171","11","0.48"
"20190708","2019-07-08","2019","3","7","July","Monday","3852","265205.70999999973","68.84883437175486","11","0.29"
"20190709","2019-07-09","2019","3","7","July","Tuesday","1872","126521.70999999996","67.58638354700852","3","0.16"
"20190710","2019-07-10","2019","3","7","July","Wednesday","2069","151721.80999999988","73.33098598356689","16","0.77"
"20190716","2019-07-16","2019","3","7","July","Tuesday","1886","128713.91000000016","68.24703605514324","2","0.11"
"20190721","2019-07-21","2019","3","7","July","Sunday","4023","303633.57000000105","75.47441461595851","14","0.35"
"20190727","2019-07-27","2019","3","7","July","Saturday","3300","236571.5899999995","71.68836060606046","31","0.94"
"20190728","2019-07-28","2019","3","7","July","Sunday","4045","287398.2999999996","71.05025957972795","30","0.74"
"20190801","2019-08-01","2019","3","8","August","Thursday","2301","155876.33999999973","67.74286831812245","0","0.0"
"20190803","2019-08-03","2019","3","8","August","Saturday","3427","238144.7600000001","69.49073825503359","22","0.64"
"20190804","2019-08-04","2019","3","8","August","Sunday","3964","272020.17999999993","68.62264883955599","12","0.3"
"20190103","2019-01-03","2019","1","1","January","Thursday","1236","86516.4900000001","69.99716019417484","12","0.97"
"20190106","2019-01-06","2019","1","1","January","Sunday","2029","135816.20999999988","66.93751108920644","2","0.1"
"20190109","2019-01-09","2019","1","1","January","Wednesday","1158","88906.05999999997","76.77552677029358","23","1.99"
"20190114","2019-01-14","2019","1","1","January","Monday","2443","173760.76000000013","71.12597625869837","37","1.51"
"20190116","2019-01-16","2019","1","1","January","Wednesday","1186","92799.69999999992","78.245952782462","20","1.69"
"20190117","2019-01-17","2019","1","1","January","Thursday","1233","92555.40999999997","75.06521492295212","16","1.3"
"20190124","2019-01-24","2019","1","1","January","Thursday","1288","81524.02999999991","63.29505434782602","4","0.31"
"20190131","2019-01-31","2019","1","1","January","Thursday","1227","90188.38000000014","73.5031621841892","32","2.61"
"20190204","2019-02-04","2019","1","2","February","Monday","2398","180640.39999999997","75.32960800667222","13","0.54"
"20190205","2019-02-05","2019","1","2","February","Tuesday","2349","154987.0700000001","65.9800212856535","0","0.0"
"20190209","2019-02-09","2019","1","2","February","Saturday","1433","106254.03999999985","74.14796929518482","7","0.49"
"20190211","2019-02-11","2019","1","2","February","Monday","2386","166315.07000000015","69.70455574182739","12","0.5"
"20190214","2019-02-14","2019","1","2","February","Thursday","1221","87856.34999999989","71.95442260442252","10","0.82"
"20190215","2019-02-15","2019","1","2","February","Friday","1375","99114.58","72.0833309090909","14","1.02"
"20190217","2019-02-17","2019","1","2","February","Sunday","2022","141365.66999999993","69.91378338278928","13","0.64"
"20190219","2019-02-19","2019","1","2","February","Tuesday","2293","163815.63999999987","71.44162232882681","24","1.05"
"20190225","2019-02-25","2019","1","2","February","Monday","2342","179114.2699999999","76.47919299743805","50","2.13"
"20190301","2019-03-01","2019","1","3","March","Friday","1841","126447.23000000003","68.68399239543727","6","0.33"
"20190302","2019-03-02","2019","1","3","March","Saturday","2628","182426.36000000002","69.41642313546424","9","0.34"
"20190307","2019-03-07","2019","1","3","March","Thursday","1876","139070.77000000016","74.13154051172717","24","1.28"
"20190318","2019-03-18","2019","1","3","March","Monday","3065","193284.34999999986","63.06177814029359","0","0.0"
"20190321","2019-03-21","2019","1","3","March","Thursday","1829","127082.35999999983","69.48188080918526","12","0.66"
"20190324","2019-03-24","2019","1","3","March","Sunday","3164","210923.1299999997","66.66344184576477","11","0.35"
"20190327","2019-03-27","2019","1","3","March","Wednesday","1674","116145.46000000008","69.38199522102752","7","0.42"
"20190328","2019-03-28","2019","1","3","March","Thursday","1778","131729.85000000015","74.08877952755914","8","0.45"
"20190330","2019-03-30","2019","1","3","March","Saturday","2693","186549.61000000007","69.2720423319718","14","0.52"
"20190406","2019-04-06","2019","2","4","April","Saturday","2719","185896.79999999967","68.36954762780422","7","0.26"
"20190411","2019-04-11","2019","2","4","April","Thursday","1800","122745.66000000005","68.19203333333336","8","0.44"
"20190412","2019-04-12","2019","2","4","April","Friday","1932","136113.94999999998","70.45235507246376","13","0.67"
"20190414","2019-04-14","2019","2","4","April","Sunday","3078","196171.14","63.73331384015595","9","0.29"
"20190415","2019-04-15","2019","2","4","April","Monday","3062","202464.35999999984","66.12160679294574","7","0.23"
"20190417","2019-04-17","2019","2","4","April","Wednesday","1680","123050.41999999991","73.24429761904757","20","1.19"
"20190423","2019-04-23","2019","2","4","April","Tuesday","1449","102113.34000000007","70.4715942028986","7","0.48"
"20190424","2019-04-24","2019","2","4","April","Wednesday","1729","129671.47999999991","74.99796414112198","8","0.46"
"20190426","2019-04-26","2019","2","4","April","Friday","1894","150968.13000000015","79.70862196409723","27","1.43"
"20190427","2019-04-27","2019","2","4","April","Saturday","2675","200061.96000000037","74.78951775700948","20","0.75"
"20190429","2019-04-29","2019","2","4","April","Monday","3163","228086.82999999975","72.11091685109066","28","0.89"
"20190504","2019-05-04","2019","2","5","May","Saturday","2636","181036.56999999992","68.67851669195748","14","0.53"
"20190506","2019-05-06","2019","2","5","May","Monday","3041","204325.18999999994","67.19013153567903","9","0.3"
"20190811","2019-08-11","2019","3","8","August","Sunday","4089","278609.62999999954","68.13637319638042","22","0.54"
"20190812","2019-08-12","2019","3","8","August","Monday","3850","277760.35000000027","72.14554545454553","24","0.62"
"20190821","2019-08-21","2019","3","8","August","Wednesday","2074","133001.91999999987","64.1282160077145","0","0.0"
"20190826","2019-08-26","2019","3","8","August","Monday","3799","253110.5000000002","66.62555935772578","19","0.5"
"20190828","2019-08-28","2019","3","8","August","Wednesday","2053","146903.14999999997","71.55535801266437","6","0.29"
"20190902","2019-09-02","2019","3","9","September","Monday","3191","215138.06000000003","67.42026324036352","4","0.13"
"20190907","2019-09-07","2019","3","9","September","Saturday","2640","183202.16999999995","69.39476136363635","18","0.68"
"20190909","2019-09-09","2019","3","9","September","Monday","3052","219377.0000000001","71.87975098296202","8","0.26"
"20190910","2019-09-10","2019","3","9","September","Tuesday","1465","104642.82999999991","71.42855290102383","30","2.05"
"20190912","2019-09-12","2019","3","9","September","Thursday","1795","124440.80999999978","69.32635654596088","20","1.11"
"20190914","2019-09-14","2019","3","9","September","Saturday","2721","213712.56000000006","78.54191841234842","25","0.92"
"20190919","2019-09-19","2019","3","9","September","Thursday","1877","139594.88000000003","74.37127330847098","20","1.07"
"20190929","2019-09-29","2019","3","9","September","Sunday","3198","214537.22","67.08480925578486","22","0.69"
"20191018","2019-10-18","2019","4","10","October","Friday","1849","147795.43999999994","79.93263385613842","27","1.46"
"20191021","2019-10-21","2019","4","10","October","Monday","2997","214816.28000000035","71.67710377043721","19","0.63"
"20191025","2019-10-25","2019","4","10","October","Friday","1940","122049.51000000013","62.912118556701095","1","0.05"
"20191027","2019-10-27","2019","4","10","October","Sunday","3194","210313.2199999999","65.84634314339384","6","0.19"
"20191028","2019-10-28","2019","4","10","October","Monday","3134","220704.06000000006","70.42248245054246","6","0.19"
"20191030","2019-10-30","2019","4","10","October","Wednesday","1663","117653.68999999987","70.74785929043888","11","0.66"
"20191031","2019-10-31","2019","4","10","October","Thursday","1846","133506.0000000002","72.32177681473468","22","1.19"
"20191101","2019-11-01","2019","4","11","November","Friday","1873","140622.7300000003","75.07887346502953","25","1.33"
"20191110","2019-11-10","2019","4","11","November","Sunday","3131","213849.96000000025","68.30084956882793","14","0.45"
"20191111","2019-11-11","2019","4","11","November","Monday","3013","206287.31000000032","68.4657517424495","18","0.6"
"20191114","2019-11-14","2019","4","11","November","Thursday","1880","142198.87999999974","75.63770212765944","21","1.12"
"20191115","2019-11-15","2019","4","11","November","Friday","1849","133940.83000000007","72.43960519199571","20","1.08"
"20191117","2019-11-17","2019","4","11","November","Sunday","3238","245208.50000000003","75.72838171710933","0","0.0"
"20191122","2019-11-22","2019","4","11","November","Friday","1838","118140.75","64.27679542981501","7","0.38"
"20191125","2019-11-25","2019","4","11","November","Monday","3172","242262.12","76.37519546027742","17","0.54"
"20191130","2019-11-30","2019","4","11","November","Saturday","5370","383266.6800000004","71.37182122905035","29","0.54"
"20191210","2019-12-10","2019","4","12","December","Tuesday","2926","195313.42000000042","66.75099794941914","8","0.27"
"20191215","2019-12-15","2019","4","12","December","Sunday","6425","455555.83000000217","70.90363112840501","7","0.11"
"20191216","2019-12-16","2019","4","12","December","Monday","6127","422399.9700000003","68.94074914313698","17","0.28"
"20191222","2019-12-22","2019","4","12","December","Sunday","6325","416191.18000000046","65.80097707509888","31","0.49"
"20191225","2019-12-25","2019","4","12","December","Wednesday","3274","231080.16000000064","70.58037874160068","11","0.34"
"20191231","2019-12-31","2019","4","12","December","Tuesday","2896","215118.13000000003","74.28112223756908","23","0.79"
"20200101","2020-01-01","2020","1","1","January","Wednesday","1294","101896.31","78.74521638330758","3","0.23"
"20200102","2020-01-02","2020","1","1","January","Thursday","1335","84479.36000000006","63.28041947565548","3","0.22"
"20200104","2020-01-04","2020","1","1","January","Saturday","2033","146362.34999999992","71.9932857845548","23","1.13"
"20200107","2020-01-07","2020","1","1","January","Tuesday","1107","84608.81000000004","76.43072267389344","11","0.99"
"20200112","2020-01-12","2020","1","1","January","Sunday","2468","175904.47000000012","71.27409643435985","24","0.97"
"20200114","2020-01-14","2020","1","1","January","Tuesday","1128","70230.15999999989","62.260780141843874","0","0.0"
"20200116","2020-01-16","2020","1","1","January","Thursday","1444","102204.02000000006","70.77840720221612","3","0.21"
"20200121","2020-01-21","2020","1","1","January","Tuesday","1073","73125.01000000008","68.15005591798703","0","0.0"
"20200125","2020-01-25","2020","1","1","January","Saturday","2073","145415.7199999997","70.14747708634815","12","0.58"
"20200127","2020-01-27","2020","1","1","January","Monday","2342","154740.94","66.07213492741246","13","0.56"
"20200129","2020-01-29","2020","1","1","January","Wednesday","1270","81145.80000000003","63.89433070866144","5","0.39"
"20200203","2020-02-03","2020","1","2","February","Monday","2284","162062.27000000016","70.95545971978991","18","0.79"
"20200205","2020-02-05","2020","1","2","February","Wednesday","1294","87205.35000000003","67.39207882534778","0","0.0"
"20200207","2020-02-07","2020","1","2","February","Friday","1405","91758.21999999994","65.30834163701064","11","0.78"
"20200211","2020-02-11","2020","1","2","February","Tuesday","1150","86483.90999999996","75.20339999999996","9","0.78"
"20200214","2020-02-14","2020","1","2","February","Friday","1386","97759.77000000005","70.53374458874463","13","0.94"
"20200216","2020-02-16","2020","1","2","February","Sunday","2366","160787.94999999952","67.95771344040554","10","0.42"
"20200222","2020-02-22","2020","1","2","February","Saturday","2048","142425.03000000003","69.54347167968751","17","0.83"
"20200301","2020-03-01","2020","1","3","March","Sunday","2718","202240.10000000003","74.40768947755704","19","0.7"
"20200306","2020-03-06","2020","1","3","March","Friday","1895","132433.4799999997","69.88574142480195","0","0.0"
"20200320","2020-03-20","2020","1","3","March","Friday","1860","136257.7400000002","73.2568494623657","41","2.2"
"20200325","2020-03-25","2020","1","3","March","Wednesday","1500","100729.33000000009","67.15288666666673","3","0.2"
"20200401","2020-04-01","2020","2","4","April","Wednesday","1561","112255.8099999999","71.91275464445862","12","0.77"
"20200403","2020-04-03","2020","2","4","April","Friday","1805","127174.56999999977","70.45682548476442","15","0.83"
"20200417","2020-04-17","2020","2","4","April","Friday","1867","144443.1599999999","77.36644884841986","17","0.91"
"20200419","2020-04-19","2020","2","4","April","Sunday","2721","191535.57999999996","70.39161337743475","8","0.29"
"20200422","2020-04-22","2020","2","4","April","Wednesday","1484","100767.83000000015","67.90285040431277","0","0.0"
"20200426","2020-04-26","2020","2","4","April","Sunday","2669","196298.5000000003","73.54758336455612","10","0.37"
"20200427","2020-04-27","2020","2","4","April","Monday","3146","223540.53000000038","71.05547679593145","3","0.1"
"20200428","2020-04-28","2020","2","4","April","Tuesday","3117","221060.28000000023","70.92084696823876","16","0.51"
"20200502","2020-05-02","2020","2","5","May","Saturday","1848","141502.77000000005","76.57076298701301","23","1.24"
"20200504","2020-05-04","2020","2","5","May","Monday","3147","220866.80000000013","70.18328566889105","19","0.6"
"20200513","2020-05-13","2020","2","5","May","Wednesday","1514","107672.28000000009","71.11775429326293","14","0.92"
"20200521","2020-05-21","2020","2","5","May","Thursday","1688","120909.64000000004","71.62893364928912","23","1.36"
"20200528","2020-05-28","2020","2","5","May","Thursday","2131","142647.61000000028","66.9392820272174","15","0.7"
"20200531","2020-05-31","2020","2","5","May","Sunday","3303","230654.8099999995","69.8319134120495","3","0.09"
"20200601","2020-06-01","2020","2","6","June","Monday","4019","273514.23000000016","68.05529484946508","5","0.12"
"20200602","2020-06-02","2020","2","6","June","Tuesday","3935","286499.1899999998","72.80792630241419","14","0.36"
"20200610","2020-06-10","2020","2","6","June","Wednesday","1858","128413.47000000009","69.11381593110876","12","0.65"
"20200611","2020-06-11","2020","2","6","June","Thursday","2101","168896.62999999974","80.38868633983805","4","0.19"
"20200613","2020-06-13","2020","2","6","June","Saturday","2300","165243.19000000035","71.84486521739146","6","0.26"
"20200615","2020-06-15","2020","2","6","June","Monday","4167","296172.66000000003","71.07575233981282","22","0.53"
"20200616","2020-06-16","2020","2","6","June","Tuesday","3802","259567.1100000002","68.27120199894797","10","0.26"
"20200619","2020-06-19","2020","2","6","June","Friday","2413","176152.73999999976","73.00154993783661","25","1.04"
"20190514","2019-05-14","2019","2","5","May","Tuesday","1470","112185.92000000016","76.31695238095249","10","0.68"
"20190518","2019-05-18","2019","2","5","May","Saturday","2598","179575.80999999988","69.1207890685142","17","0.65"
"20190529","2019-05-29","2019","2","5","May","Wednesday","2067","144776.2400000002","70.04172230285447","13","0.63"
"20190601","2019-06-01","2019","2","6","June","Saturday","3291","221685.7599999997","67.36121543603758","0","0.0"
"20190604","2019-06-04","2019","2","6","June","Tuesday","1833","124283.76999999996","67.80347517730495","17","0.93"
"20190605","2019-06-05","2019","2","6","June","Wednesday","2050","138634.73999999987","67.62670243902433","12","0.59"
"20190608","2019-06-08","2019","2","6","June","Saturday","3330","237014.58000000048","71.1755495495497","0","0.0"
"20190616","2019-06-16","2019","2","6","June","Sunday","4060","284793.4300000005","70.14616502463068","26","0.64"
"20190617","2019-06-17","2019","2","6","June","Monday","3890","261364.07999999978","67.18870951156806","10","0.26"
"20190619","2019-06-19","2019","2","6","June","Wednesday","1997","144248.5900000002","72.23264396594902","7","0.35"
"20190620","2019-06-20","2019","2","6","June","Thursday","2312","158794.75999999943","68.68285467128003","5","0.22"
"20190628","2019-06-28","2019","2","6","June","Friday","2268","168267.5500000004","74.1920414462083","20","0.88"
"20190630","2019-06-30","2019","2","6","June","Sunday","3998","270099.48999999976","67.55865182591289","15","0.38"
"20190702","2019-07-02","2019","3","7","July","Tuesday","1804","127586.81000000006","70.72439578713973","11","0.61"
"20190703","2019-07-03","2019","3","7","July","Wednesday","2073","141813.31000000026","68.4097009165462","13","0.63"
"20190704","2019-07-04","2019","3","7","July","Thursday","2344","157632.69000000058","67.24944112628012","5","0.21"
"20190713","2019-07-13","2019","3","7","July","Saturday","3301","228120.19999999963","69.10639200242339","7","0.21"
"20190714","2019-07-14","2019","3","7","July","Sunday","3878","261373.23999999932","67.39897885507976","15","0.39"
"20190720","2019-07-20","2019","3","7","July","Saturday","3334","207013.26000000036","62.091559688062496","0","0.0"
"20190722","2019-07-22","2019","3","7","July","Monday","3830","272085.72000000026","71.04065796344655","26","0.68"
"20190725","2019-07-25","2019","3","7","July","Thursday","2307","172318.34999999992","74.69369310793235","15","0.65"
"20190729","2019-07-29","2019","3","7","July","Monday","3798","261483.06999999975","68.84756977356497","17","0.45"
"20190731","2019-07-31","2019","3","7","July","Wednesday","2110","136516.15000000002","64.69959715639811","0","0.0"
"20190802","2019-08-02","2019","3","8","August","Friday","2413","173318.14000000004","71.82682967260673","13","0.54"
"20190805","2019-08-05","2019","3","8","August","Monday","3907","258726.66000000035","66.22131046839016","15","0.38"
"20190806","2019-08-06","2019","3","8","August","Tuesday","1820","123099.40000000004","67.637032967033","1","0.05"
"20190808","2019-08-08","2019","3","8","August","Thursday","2290","151645.65000000037","66.22080786026217","8","0.35"
"20190105","2019-01-05","2019","1","1","January","Saturday","1409","97496.12999999984","69.19526614620287","13","0.92"
"20190111","2019-01-11","2019","1","1","January","Friday","1439","108301.6","75.26170952050035","16","1.11"
"20190113","2019-01-13","2019","1","1","January","Sunday","1980","150087.55000000016","75.80179292929301","29","1.46"
"20190115","2019-01-15","2019","1","1","January","Tuesday","2360","181937.14999999997","77.0920127118644","36","1.53"
"20190120","2019-01-20","2019","1","1","January","Sunday","2011","144205.75","71.70847836897066","25","1.24"
"20190129","2019-01-29","2019","1","1","January","Tuesday","2314","170014.07000000007","73.4719403630078","23","0.99"
"20190130","2019-01-30","2019","1","1","January","Wednesday","1109","77006.25000000007","69.43755635707852","20","1.8"
"20190202","2019-02-02","2019","1","2","February","Saturday","1483","103853.37999999999","70.02925151719487","22","1.48"
"20190223","2019-02-23","2019","1","2","February","Saturday","1435","98055.87999999993","68.33162369337974","10","0.7"
"20190226","2019-02-26","2019","1","2","February","Tuesday","2318","174360.57000000024","75.22026315789483","32","1.38"
"20190228","2019-02-28","2019","1","2","February","Thursday","3141","224926.54999999993","71.60985354982488","44","1.4"
"20190303","2019-03-03","2019","1","3","March","Sunday","3136","214490.77999999997","68.39629464285713","9","0.29"
"20190311","2019-03-11","2019","1","3","March","Monday","3045","231650.15999999997","76.07558620689655","30","0.99"
"20190313","2019-03-13","2019","1","3","March","Wednesday","1641","110703.39999999982","67.4609384521632","10","0.61"
"20190322","2019-03-22","2019","1","3","March","Friday","1884","152387.1700000002","80.88490976645446","30","1.59"
"20190329","2019-03-29","2019","1","3","March","Friday","1932","120771.89999999986","62.51133540372664","0","0.0"
"20190410","2019-04-10","2019","2","4","April","Wednesday","1685","114241.29000000018","67.79898516320486","9","0.53"
"20190413","2019-04-13","2019","2","4","April","Saturday","2694","191190.75999999998","70.96910170749814","13","0.48"
"20190418","2019-04-18","2019","2","4","April","Thursday","1772","136050.70000000013","76.77804740406327","10","0.56"
"20190419","2019-04-19","2019","2","4","April","Friday","1880","139194.51999999981","74.03963829787224","12","0.64"
"20190421","2019-04-21","2019","2","4","April","Sunday","3206","216255.62999999977","67.45340923268864","4","0.12"
"20190422","2019-04-22","2019","2","4","April","Monday","3133","209358.39999999973","66.8236195339929","6","0.19"
"20190425","2019-04-25","2019","2","4","April","Thursday","1813","126447.78000000001","69.74505239933812","11","0.61"
"20190428","2019-04-28","2019","2","4","April","Sunday","3147","211787.08999999953","67.29809024467733","20","0.64"
"20190813","2019-08-13","2019","3","8","August","Tuesday","1908","134104.73","70.28549790356395","12","0.63"
"20190815","2019-08-15","2019","3","8","August","Thursday","2330","159338.67000000013","68.38569527897002","0","0.0"
"20190823","2019-08-23","2019","3","8","August","Friday","2324","148433.33000000013","63.86976333907062","0","0.0"
"20190827","2019-08-27","2019","3","8","August","Tuesday","1838","123202.97999999997","67.03100108813926","7","0.38"
"20190830","2019-08-30","2019","3","8","August","Friday","2485","186360.7200000004","74.99425352112692","26","1.05"
"20190903","2019-09-03","2019","3","9","September","Tuesday","1501","112717.18999999978","75.09473017987993","6","0.4"
"20190905","2019-09-05","2019","3","9","September","Thursday","1822","120035.01999999976","65.88091108671776","7","0.38"
"20190908","2019-09-08","2019","3","9","September","Sunday","3152","215398.64000000054","68.3371319796956","0","0.0"
"20190918","2019-09-18","2019","3","9","September","Wednesday","1724","131500.2799999997","76.27626450115993","2","0.12"
"20190920","2019-09-20","2019","3","9","September","Friday","1858","135424.2000000002","72.88708288482249","16","0.86"
"20190922","2019-09-22","2019","3","9","September","Sunday","3238","226720.32000000007","70.01862878319953","22","0.68"
"20190930","2019-09-30","2019","3","9","September","Monday","3087","200034.96000000028","64.79914480077754","4","0.13"
"20191004","2019-10-04","2019","4","10","October","Friday","1863","128410.38000000003","68.92666666666669","6","0.32"
"20191026","2019-10-26","2019","4","10","October","Saturday","2749","183849.68999999936","66.87875227355379","15","0.55"
"20191112","2019-11-12","2019","4","11","November","Tuesday","1458","93987.26000000001","64.46314128943759","1","0.07"
"20191118","2019-11-18","2019","4","11","November","Monday","3155","198336.64000000028","62.86422820919184","0","0.0"
"20191126","2019-11-26","2019","4","11","November","Tuesday","1486","113072.49999999994","76.09185733512783","18","1.21"
"20191128","2019-11-28","2019","4","11","November","Thursday","1820","138944.30999999988","76.34302747252741","20","1.1"
"20191129","2019-11-29","2019","4","11","November","Friday","1828","127357.57000000012","69.67044310722108","19","1.04"
"20191201","2019-12-01","2019","4","12","December","Sunday","6283","449873.2100000008","71.6016568518225","18","0.29"
"20191209","2019-12-09","2019","4","12","December","Monday","6252","417347.7299999984","66.75427543186154","15","0.24"
"20191212","2019-12-12","2019","4","12","December","Thursday","3731","279276.9100000005","74.85309836504972","38","1.02"
"20191213","2019-12-13","2019","4","12","December","Friday","3661","257044.5200000001","70.21155968314672","11","0.3"
"20191214","2019-12-14","2019","4","12","December","Saturday","5299","367827.10999999975","69.41443857331568","14","0.26"
"20191220","2019-12-20","2019","4","12","December","Friday","3607","245869.46999999956","68.16453285278612","21","0.58"
"20191226","2019-12-26","2019","4","12","December","Thursday","3639","252099.18999999974","69.27705138774381","8","0.22"
"20200103","2020-01-03","2020","1","1","January","Friday","1424","97360.32000000007","68.37101123595511","11","0.77"
"20200105","2020-01-05","2020","1","1","January","Sunday","2461","157380.39000000013","63.94977245022354","14","0.57"
"20200113","2020-01-13","2020","1","1","January","Monday","2386","171119.40000000037","71.71810561609404","14","0.59"
"20200117","2020-01-17","2020","1","1","January","Friday","1418","106583.99000000006","75.1650141043724","19","1.34"
"20200118","2020-01-18","2020","1","1","January","Saturday","2087","167930.52000000002","80.46503114518448","19","0.91"
"20200120","2020-01-20","2020","1","1","January","Monday","2307","154771.06000000017","67.08758560901612","10","0.43"
"20200123","2020-01-23","2020","1","1","January","Thursday","1384","96601.40999999989","69.79870664739876","8","0.58"
"20200130","2020-01-30","2020","1","1","January","Thursday","1373","99622.36","72.558164603059","17","1.24"
"20200131","2020-01-31","2020","1","1","January","Friday","1390","102988.12000000016","74.09217266187062","15","1.08"
"20200201","2020-02-01","2020","1","2","February","Saturday","2088","147139.73000000007","70.46921934865904","21","1.01"
"20200202","2020-02-02","2020","1","2","February","Sunday","2384","183897.3999999998","77.1381711409395","22","0.92"
"20200209","2020-02-09","2020","1","2","February","Sunday","2350","161355.67999999985","68.66199148936164","13","0.55"
"20200212","2020-02-12","2020","1","2","February","Wednesday","1278","82994.2200000001","64.94070422535219","5","0.39"
"20200215","2020-02-15","2020","1","2","February","Saturday","2064","139873.06999999992","67.76796027131779","18","0.87"
"20200219","2020-02-19","2020","1","2","February","Wednesday","1227","87380.16","71.21447432762837","10","0.81"
"20200223","2020-02-23","2020","1","2","February","Sunday","2434","170089.75000000012","69.8807518488086","13","0.53"
"20200303","2020-03-03","2020","1","3","March","Tuesday","3066","212119.9600000002","69.18459230267456","9","0.29"
"20200307","2020-03-07","2020","1","3","March","Saturday","1889","125333.97999999994","66.34938062466911","7","0.37"
"20200309","2020-03-09","2020","1","3","March","Monday","3303","219696.76999999993","66.51431123221312","7","0.21"
"20200313","2020-03-13","2020","1","3","March","Friday","1860","126250.45000000011","67.87658602150543","13","0.7"
"20200316","2020-03-16","2020","1","3","March","Monday","3334","235793.5699999999","70.72392621475701","19","0.57"
"20200321","2020-03-21","2020","1","3","March","Saturday","1839","144233.59999999998","78.43045133224577","15","0.82"
"20200322","2020-03-22","2020","1","3","March","Sunday","2748","183376.8400000003","66.73101892285308","5","0.18"
"20200326","2020-03-26","2020","1","3","March","Thursday","1602","109276.4199999999","68.2124968789013","0","0.0"
"20200328","2020-03-28","2020","1","3","March","Saturday","1845","121968.29","66.10747425474254","5","0.27"
"20200402","2020-04-02","2020","2","4","April","Thursday","1698","133265.5699999999","78.48384570082443","10","0.59"
"20200406","2020-04-06","2020","2","4","April","Monday","3327","221305.2900000006","66.517971145176","5","0.15"
"20200412","2020-04-12","2020","2","4","April","Sunday","2689","186382.31999999983","69.31287467460017","5","0.19"
"20200415","2020-04-15","2020","2","4","April","Wednesday","1488","111314.71000000017","74.80827284946248","15","1.01"
"20200421","2020-04-21","2020","2","4","April","Tuesday","3016","221331.22999999978","73.38568633952248","10","0.33"
"20200505","2020-05-05","2020","2","5","May","Tuesday","3068","206333.9299999997","67.25356258148621","18","0.59"
"20200506","2020-05-06","2020","2","5","May","Wednesday","1531","109792.09999999992","71.71267145656428","18","1.18"
"20200510","2020-05-10","2020","2","5","May","Sunday","2631","201611.5","76.62922843025466","35","1.33"
"20200511","2020-05-11","2020","2","5","May","Monday","3262","223735.26","68.58836909871245","24","0.74"
"20200517","2020-05-17","2020","2","5","May","Sunday","2755","185663.56000000046","67.39149183303103","15","0.54"
"20200520","2020-05-20","2020","2","5","May","Wednesday","1386","86482.89000000006","62.39746753246757","4","0.29"
"20200522","2020-05-22","2020","2","5","May","Friday","1860","128437.59999999996","69.05247311827955","11","0.59"
"20200524","2020-05-24","2020","2","5","May","Sunday","3430","242348.2499999999","70.65546647230317","28","0.82"
"20200525","2020-05-25","2020","2","5","May","Monday","3942","271227.4800000002","68.80453576864541","31","0.79"
"20200529","2020-05-29","2020","2","5","May","Friday","2325","164521.92999999996","70.76212043010752","20","0.86"
"20200603","2020-06-03","2020","2","6","June","Wednesday","1867","136664.91999999987","73.20027852169248","15","0.8"
"20200614","2020-06-14","2020","2","6","June","Sunday","3359","239596.40999999945","71.32968442988968","20","0.6"
"20200617","2020-06-17","2020","2","6","June","Wednesday","1812","141792.47999999992","78.25192052980128","35","1.93"
"20200620","2020-06-20","2020","2","6","June","Saturday","2354","172070.93000000034","73.09725148683107","26","1.1"
"20200621","2020-06-21","2020","2","6","June","Sunday","1366","104241.26000000024","76.31131771595918","7","0.51"
"20190515","2019-05-15","2019","2","5","May","Wednesday","1663","125175.9599999998","75.27117257967517","11","0.66"
"20190517","2019-05-17","2019","2","5","May","Friday","1901","132442.40999999986","69.66986322987894","22","1.16"
"20190519","2019-05-19","2019","2","5","May","Sunday","3071","212228.09999999998","69.10716379029631","22","0.72"
"20190522","2019-05-22","2019","2","5","May","Wednesday","1648","114072.54000000007","69.2187742718447","8","0.49"
"20190525","2019-05-25","2019","2","5","May","Saturday","3248","230273.33999999944","70.89696428571412","20","0.62"
"20190531","2019-05-31","2019","2","5","May","Friday","2328","145947.04000000027","62.69202749140905","6","0.26"
"20190602","2019-06-02","2019","2","6","June","Sunday","4041","269404.8300000007","66.66786191536767","3","0.07"
"20190603","2019-06-03","2019","2","6","June","Monday","3792","265499.93999999954","70.0158069620252","24","0.63"
"20190606","2019-06-06","2019","2","6","June","Thursday","2419","155712.3400000003","64.37054154609355","6","0.25"
"20190607","2019-06-07","2019","2","6","June","Friday","2303","154348.94000000003","67.02081632653062","2","0.09"
"20190609","2019-06-09","2019","2","6","June","Sunday","3900","259858.22999999946","66.63031538461524","8","0.21"
"20190611","2019-06-11","2019","2","6","June","Tuesday","1863","132473.32","71.107525496511","14","0.75"
"20190614","2019-06-14","2019","2","6","June","Friday","2397","196445.06000000017","81.95455152273682","11","0.46"
"20190623","2019-06-23","2019","2","6","June","Sunday","3936","288664.7600000004","73.33962398373994","22","0.56"
"20190625","2019-06-25","2019","2","6","June","Tuesday","1813","122968.84999999989","67.82617209045775","1","0.06"
"20190707","2019-07-07","2019","3","7","July","Sunday","3982","268946.1500000005","67.54046961325979","15","0.38"
"20190717","2019-07-17","2019","3","7","July","Wednesday","2036","140595.3799999999","69.0547053045186","1","0.05"
"20190719","2019-07-19","2019","3","7","July","Friday","2288","148720.17","65.00007430069931","0","0.0"
"20190724","2019-07-24","2019","3","7","July","Wednesday","2092","136596.76999999981","65.29482313575517","7","0.33"
"20190730","2019-07-30","2019","3","7","July","Tuesday","1936","124095.16000000003","64.0987396694215","1","0.05"
"20190104","2019-01-04","2019","1","1","January","Friday","1474","112436.38999999987","76.2797761194029","13","0.88"
"20190107","2019-01-07","2019","1","1","January","Monday","2425","178233.1800000004","73.49821855670119","4","0.16"
"20190108","2019-01-08","2019","1","1","January","Tuesday","2314","168061.92999999956","72.62831892826256","26","1.12"
"20190112","2019-01-12","2019","1","1","January","Saturday","1456","103636.58000000019","71.17896978021992","21","1.44"
"20190118","2019-01-18","2019","1","1","January","Friday","1360","91947.38000000003","67.60836764705884","20","1.47"
"20190119","2019-01-19","2019","1","1","January","Saturday","1359","101678.89000000001","74.81890360559235","21","1.55"
"20190121","2019-01-21","2019","1","1","January","Monday","2384","171987.4999999998","72.14240771812072","17","0.71"
"20190125","2019-01-25","2019","1","1","January","Friday","1281","85657.1999999999","66.86744730679149","6","0.47"
"20190126","2019-01-26","2019","1","1","January","Saturday","1391","98749.47000000007","70.99171099928114","0","0.0"
"20190128","2019-01-28","2019","1","1","January","Monday","2410","172870.07999999978","71.7303236514522","15","0.62"
"20190201","2019-02-01","2019","1","2","February","Friday","1477","107303.08999999984","72.64935003385229","20","1.35"
"20190207","2019-02-07","2019","1","2","February","Thursday","1287","108754.43999999996","84.50228438228434","35","2.72"
"20190212","2019-02-12","2019","1","2","February","Tuesday","2361","181275.21000000025","76.77899618805601","44","1.86"
"20190213","2019-02-13","2019","1","2","February","Wednesday","1181","93316.26000000004","79.01461473327691","26","2.2"
"20190216","2019-02-16","2019","1","2","February","Saturday","1444","97997.6600000001","67.86541551246545","2","0.14"
"20190218","2019-02-18","2019","1","2","February","Monday","2372","166151.64","70.04706576728499","22","0.93"
"20190220","2019-02-20","2019","1","2","February","Wednesday","1135","73045.88999999993","64.3576123348017","5","0.44"
"20190221","2019-02-21","2019","1","2","February","Thursday","1256","91687.73000000001","72.99978503184714","11","0.88"
"20190224","2019-02-24","2019","1","2","February","Sunday","2059","150718.53000000026","73.19986886838284","7","0.34"
"20190306","2019-03-06","2019","1","3","March","Wednesday","1678","112385.48000000011","66.97585220500602","14","0.83"
"20190308","2019-03-08","2019","1","3","March","Friday","1850","135104.20999999993","73.02930270270267","28","1.51"
"20190309","2019-03-09","2019","1","3","March","Saturday","2696","175883.73999999993","65.23877596439166","8","0.3"
"20190315","2019-03-15","2019","1","3","March","Friday","1891","143384.11000000016","75.82448968799585","27","1.43"
"20190323","2019-03-23","2019","1","3","March","Saturday","2755","197709.71999999974","71.76396370235925","27","0.98"
"20190325","2019-03-25","2019","1","3","March","Monday","3039","232756.94999999975","76.5899802566633","27","0.89"
"20190403","2019-04-03","2019","2","4","April","Wednesday","1649","119240.44999999982","72.3107640994541","18","1.09"
"20190404","2019-04-04","2019","2","4","April","Thursday","1937","143304.82000000012","73.9828704181725","13","0.67"
"20190405","2019-04-05","2019","2","4","April","Friday","1848","120898.16999999981","65.42108766233756","5","0.27"
"20190407","2019-04-07","2019","2","4","April","Sunday","3246","239164.14999999982","73.67965187923593","13","0.4"
"20190408","2019-04-08","2019","2","4","April","Monday","3095","210391.21000000017","67.97777382875611","20","0.65"
"20190416","2019-04-16","2019","2","4","April","Tuesday","1496","108690.76000000004","72.65425133689843","19","1.27"
"20190420","2019-04-20","2019","2","4","April","Saturday","2767","187275.68999999983","67.6818539934947","15","0.54"
"20190501","2019-05-01","2019","2","5","May","Wednesday","1660","118184.0400000002","71.19520481927722","15","0.9"
"20190502","2019-05-02","2019","2","5","May","Thursday","1752","129744.08999999994","74.05484589041092","14","0.8"
"20190505","2019-05-05","2019","2","5","May","Sunday","3166","210071.31000000067","66.35227732154159","5","0.16"
"20190820","2019-08-20","2019","3","8","August","Tuesday","1852","125577.21000000017","67.80626889848821","3","0.16"
"20190829","2019-08-29","2019","3","8","August","Thursday","2322","169274.69999999963","72.90038759689907","10","0.43"
"20190831","2019-08-31","2019","3","8","August","Saturday","3371","232695.55000000042","69.02864135271446","39","1.16"
"20190906","2019-09-06","2019","3","9","September","Friday","1851","121323.00000000019","65.54457050243123","5","0.27"
"20190913","2019-09-13","2019","3","9","September","Friday","1903","136907.92000000007","71.94320546505521","21","1.1"
"20190915","2019-09-15","2019","3","9","September","Sunday","3243","204818.81999999975","63.157206290471706","4","0.12"
"20190916","2019-09-16","2019","3","9","September","Monday","3081","219281.66999999993","71.17223953261926","3","0.1"
"20190917","2019-09-17","2019","3","9","September","Tuesday","1505","100471.34999999985","66.75837209302316","6","0.4"
"20190923","2019-09-23","2019","3","9","September","Monday","3155","227290.93","72.04149920760698","37","1.17"
"20190924","2019-09-24","2019","3","9","September","Tuesday","1449","103155.76000000014","71.19100069013122","11","0.76"
"20190925","2019-09-25","2019","3","9","September","Wednesday","1643","109295.8200000001","66.5221059038345","9","0.55"
"20191007","2019-10-07","2019","4","10","October","Monday","3095","198960.99999999983","64.2846526655896","4","0.13"
"20191008","2019-10-08","2019","4","10","October","Tuesday","1423","93629.3999999999","65.79718903724519","7","0.49"
"20191012","2019-10-12","2019","4","10","October","Saturday","2693","203365.5499999998","75.51635722242845","23","0.85"
"20191015","2019-10-15","2019","4","10","October","Tuesday","1436","93857.92000000016","65.36066852367699","1","0.07"
"20191016","2019-10-16","2019","4","10","October","Wednesday","1689","119249.75999999998","70.60376554174066","0","0.0"
"20191017","2019-10-17","2019","4","10","October","Thursday","1888","147802.11000000007","78.28501588983055","20","1.06"
"20191019","2019-10-19","2019","4","10","October","Saturday","2684","193639.79000000004","72.14597242921015","29","1.08"
"20191022","2019-10-22","2019","4","10","October","Tuesday","1507","106946.22999999998","70.9663105507631","1","0.07"
"20191029","2019-10-29","2019","4","10","October","Tuesday","1525","109631.77000000014","71.88968524590173","8","0.52"
"20191102","2019-11-02","2019","4","11","November","Saturday","2675","186811.88000000006","69.83621682242993","32","1.2"
"20191104","2019-11-04","2019","4","11","November","Monday","3094","206483.0899999999","66.73661603102776","6","0.19"
"20191106","2019-11-06","2019","4","11","November","Wednesday","1630","108356.20000000011","66.47619631901847","4","0.25"
"20191113","2019-11-13","2019","4","11","November","Wednesday","1589","105639.76000000013","66.48191315292645","5","0.31"
"20191116","2019-11-16","2019","4","11","November","Saturday","2652","184983.36999999976","69.75240196078423","5","0.19"
"20191119","2019-11-19","2019","4","11","November","Tuesday","1471","100719.85000000011","68.47032630863366","11","0.75"
"20191120","2019-11-20","2019","4","11","November","Wednesday","1670","114183.54000000014","68.37337724550906","26","1.56"
"20191121","2019-11-21","2019","4","11","November","Thursday","1780","127245.91999999985","71.48647191011227","5","0.28"
"20191123","2019-11-23","2019","4","11","November","Saturday","2640","188263.8099999999","71.31204924242421","13","0.49"
"20191124","2019-11-24","2019","4","11","November","Sunday","3166","210690.80000000037","66.5479469361972","14","0.44"
"20191127","2019-11-27","2019","4","11","November","Wednesday","1718","117350.74000000006","68.30660069848665","17","0.99"
"20191202","2019-12-02","2019","4","12","December","Monday","6150","467916.9600000002","76.0840585365854","22","0.36"
"20191203","2019-12-03","2019","4","12","December","Tuesday","2986","198341.13000000035","66.42368720696597","10","0.33"
"20191206","2019-12-06","2019","4","12","December","Friday","3697","250537.6400000001","67.76782255883151","18","0.49"
"20191207","2019-12-07","2019","4","12","December","Saturday","5285","387784.9299999992","73.37463197729407","19","0.36"
"20191218","2019-12-18","2019","4","12","December","Wednesday","3271","211826.19999999975","64.75885050443281","6","0.18"
"20191219","2019-12-19","2019","4","12","December","Thursday","3678","264694.82000000036","71.96705274605773","9","0.24"
"20191223","2019-12-23","2019","4","12","December","Monday","5937","429240.55000000005","72.29923361967325","40","0.67"
"20191228","2019-12-28","2019","4","12","December","Saturday","5552","391150.54000000196","70.45218659942398","33","0.59"
"20200106","2020-01-06","2020","1","1","January","Monday","2379","162631.18000000028","68.36115174443056","3","0.13"
"20200115","2020-01-15","2020","1","1","January","Wednesday","1252","87020.01000000004","69.50480031948885","8","0.64"
"20200122","2020-01-22","2020","1","1","January","Wednesday","1272","75922.58000000005","59.6875628930818","5","0.39"
"20200124","2020-01-24","2020","1","1","January","Friday","1466","103779.17000000004","70.79070259208734","13","0.89"
"20200128","2020-01-28","2020","1","1","January","Tuesday","1140","70726.10000000006","62.040438596491285","4","0.35"
"20200204","2020-02-04","2020","1","2","February","Tuesday","1131","73781.00999999998","65.23519893899203","6","0.53"
"20200208","2020-02-08","2020","1","2","February","Saturday","1964","142319.29999999978","72.46400203665976","14","0.71"
"20200217","2020-02-17","2020","1","2","February","Monday","2411","180902.4899999999","75.03214019079216","6","0.25"
"20200221","2020-02-21","2020","1","2","February","Friday","1453","102422.89000000003","70.49063317274606","28","1.93"
"20200224","2020-02-24","2020","1","2","February","Monday","2324","148915.65999999995","64.07730636833044","6","0.26"
"20200225","2020-02-25","2020","1","2","February","Tuesday","1176","85488.5799999999","72.69437074829924","7","0.6"
"20200226","2020-02-26","2020","1","2","February","Wednesday","1233","87192.7300000002","70.71592051905937","1","0.08"
"20200228","2020-02-28","2020","1","2","February","Friday","1425","129768.92999999996","91.06591578947366","22","1.54"
"20200302","2020-03-02","2020","1","3","March","Monday","3130","231020.19000000038","73.8083674121407","27","0.86"
"20200305","2020-03-05","2020","1","3","March","Thursday","1605","109590.78000000001","68.28085981308412","8","0.5"
"20200310","2020-03-10","2020","1","3","March","Tuesday","3075","217481.43999999968","70.72567154471534","18","0.59"
"20200311","2020-03-11","2020","1","3","March","Wednesday","1535","122183.38000000012","79.5982931596092","22","1.43"
"20200314","2020-03-14","2020","1","3","March","Saturday","1849","125630.08000000003","67.94487831260142","8","0.43"
"20200318","2020-03-18","2020","1","3","March","Wednesday","1502","117526.05000000003","78.24637150466047","14","0.93"
"20200319","2020-03-19","2020","1","3","March","Thursday","1700","128773.57999999993","75.74916470588231","37","2.18"
"20200323","2020-03-23","2020","1","3","March","Monday","3246","227877.7599999997","70.2026370918052","6","0.18"
"20200324","2020-03-24","2020","1","3","March","Tuesday","3153","208512.0599999997","66.13132254995233","11","0.35"
"20200327","2020-03-27","2020","1","3","March","Friday","1839","129114.19000000005","70.20891245241982","0","0.0"
"20200329","2020-03-29","2020","1","3","March","Sunday","2679","190691.33000000005","71.18004106009707","11","0.41"
"20200331","2020-03-31","2020","1","3","March","Tuesday","3048","222470.37999999925","72.98896981627271","33","1.08"
"20200404","2020-04-04","2020","2","4","April","Saturday","1892","121111.35999999997","64.01234672304439","1","0.05"
"20200411","2020-04-11","2020","2","4","April","Saturday","1812","128333.44000000018","70.82419426048575","2","0.11"
"20200414","2020-04-14","2020","2","4","April","Tuesday","3086","215242.50000000015","69.74805573558008","11","0.36"
"20200416","2020-04-16","2020","2","4","April","Thursday","1644","116073.9500000001","70.60459245742098","15","0.91"
"20200418","2020-04-18","2020","2","4","April","Saturday","1838","123668.33999999998","67.28418933623503","6","0.33"
"20200424","2020-04-24","2020","2","4","April","Friday","1836","127620.24000000005","69.5099346405229","14","0.76"
"20200501","2020-05-01","2020","2","5","May","Friday","1754","133250.16999999998","75.96931014823261","21","1.2"
"20200503","2020-05-03","2020","2","5","May","Sunday","2606","189510.2299999998","72.72073292402142","31","1.19"
"20200507","2020-05-07","2020","2","5","May","Thursday","1737","130966.16999999994","75.3979101899827","16","0.92"
"20200509","2020-05-09","2020","2","5","May","Saturday","1869","135817.97999999992","72.66879614767251","21","1.12"
"20200515","2020-05-15","2020","2","5","May","Friday","1841","119643.36000000006","64.98824551873984","5","0.27"
"20200523","2020-05-23","2020","2","5","May","Saturday","1890","127044.68999999997","67.21941269841268","13","0.69"
"20200530","2020-05-30","2020","2","5","May","Saturday","2396","197791.6399999997","82.55076794657751","16","0.67"
"20200606","2020-06-06","2020","2","6","June","Saturday","2292","152440.11000000004","66.50964659685866","5","0.22"
"20200607","2020-06-07","2020","2","6","June","Sunday","3288","218711.4499999999","66.51808090024328","17","0.52"
"20200608","2020-06-08","2020","2","6","June","Monday","4135","298702.9099999987","72.23770495767803","37","0.89"
"20200609","2020-06-09","2020","2","6","June","Tuesday","3799","255865.74000000034","67.35081337194008","8","0.21"
"20200618","2020-06-18","2020","2","6","June","Thursday","2028","166713.7100000001","82.20597140039453","39","1.92"
